word,count
the,3630
on,2260
a,2157
and,2148
by,1838
it,1818
to,1741
0,1724
i,1499
for,1425
2015,1271
of,1188
5,1119
is,1053
this,905
but,860
2014,830
as,823
my,800
was,754
3,734
with,733
in,702
good,663
not,601
that,579
2013,568
very,552
great,552
are,532
jan,514
they,501
dec,489
you,473
t,463
have,453
stars,437
so,429
be,427
s,424
4,363
2016,359
them,352
five,331
nov,307
one,296
feb,294
would,293
these,289
quality,289
2,276
all,270
july,268
aug,267
we,259
oct,256
just,253
little,241
well,239
really,237
he,236
can,235
at,234
bought,233
when,231
old,228
had,227
if,226
sept,225
mar,225
april,224
up,219
jun,215
product,213
fun,210
1,209
like,207
which,205
more,205
2012,204
what,204
from,201
price,198
were,194
will,187
may,185
there,182
only,182
son,176
than,174
bit,174
game,173
year,171
get,171
time,171
too,171
or,170
loves,167
nice,166
12,159
out,158
6,157
toy,154
arrived,154
set,153
has,151
an,146
excellent,145
small,144
play,144
made,143
do,140
14,140
10,140
value,139
some,138
9,138
much,136
money,136
17,136
28,136
16,135
box,134
19,133
loved,132
buy,132
7,132
8,131
no,131
30,130
however,129
23,129
its,125
party,124
11,123
me,123
13,122
use,122
amazon,122
his,120
other,118
22,118
quite,116
m,115
happy,113
perfect,113
daughter,112
also,112
20,112
got,111
christmas,111
off,111
love,111
birthday,111
look,111
24,109
who,108
customer,108
size,106
two,106
cards,106
kids,105
item,104
about,104
18,104
looks,102
delivery,102
2011,101
does,101
she,101
27,101
recommend,101
15,101
even,99
26,98
don,97
again,95
ok,95
our,95
29,94
could,93
easy,93
still,92
lovely,92
though,92
present,91
did,91
think,89
make,89
disappointed,88
used,88
been,87
over,86
dice,86
plastic,86
expected,85
then,84
25,83
children,79
after,78
better,78
thought,78
21,78
lot,77
big,77
your,75
put,75
grandson,75
any,75
gift,75
now,73
mrs,73
three,73
pleased,72
brilliant,71
playing,71
back,69
didn,69
her,68
different,68
need,68
looked,68
worth,67
doesn,67
ordered,67
fit,67
keep,66
way,66
stickers,66
although,65
child,65
few,65
their,65
long,64
easily,64
together,64
him,64
quickly,63
model,63
see,62
found,62
d,62
say,61
enough,61
because,61
picture,61
balloons,61
new,60
car,60
down,59
day,59
same,59
go,58
how,58
work,58
colours,58
wanted,57
four,57
first,56
expensive,56
many,56
pieces,56
around,55
best,55
find,55
figure,55
ones,54
colour,54
into,54
once,54
mr,53
am,53
pretty,53
people,53
figures,53
take,52
looking,52
31,52
last,51
should,51
came,51
pack,51
come,50
something,50
ve,50
before,50
fast,50
received,49
smaller,49
job,49
fantastic,49
fine,49
toys,48
going,48
j,48
thing,48
sure,48
comes,47
part,47
hours,47
actually,46
lots,46
quick,46
far,46
board,46
2010,45
cheap,45
service,45
most,44
having,44
days,44
card,44
each,43
purchased,43
being,43
top,43
overall,42
where,42
said,42
mask,42
buying,41
absolutely,41
while,40
packaging,40
getting,39
disappointing,39
purchase,39
cute,39
exactly,39
games,39
another,38
seller,38
probably,38
want,38
using,38
played,37
order,37
end,37
described,37
case,37
dress,37
boy,36
definitely,36
idea,36
re,36
expect,36
right,36
fan,36
read,35
seems,35
wasn,35
says,35
away,34
bad,34
hard,34
know,34
real,34
through,34
tin,34
years,34
lego,34
original,34
rather,33
collection,33
soft,33
problem,33
friends,33
high,33
give,33
review,33
kit,33
dinosaur,33
questions,33
own,32
isn,32
both,32
next,32
thin,32
might,31
fact,31
miss,31
delivered,31
enjoyed,31
detail,31
less,30
poor,30
sturdy,30
black,30
star,30
version,30
took,30
banner,30
2009,30
without,29
inside,29
makes,29
needed,29
given,29
itself,28
wrong,28
etc,28
seen,28
green,28
shame,28
addition,28
white,28
such,28
tiny,28
already,28
paint,28
side,28
kept,28
parts,28
either,28
cars,28
every,27
couple,27
opened,27
amazing,27
gets,27
wear,27
material,27
due,27
characters,27
costume,27
track,26
recommended,26
build,26
range,26
blue,26
bigger,26
yet,26
head,26
seem,26
never,26
thank,26
p,26
feel,26
hands,26
place,26
making,26
went,26
things,25
girl,25
hand,25
slightly,25
items,25
sent,25
l,25
favourite,25
face,25
ll,25
voice,25
within,25
fab,25
puppet,25
apart,24
why,24
highly,24
cost,24
needs,24
able,24
school,24
always,24
boys,24
c,24
large,24
e,24
hold,24
open,24
everything,24
k,24
strong,24
reviews,23
round,23
full,23
larger,23
pictures,23
anyone,23
adults,23
along,23
stuck,23
packaged,23
half,23
calendar,23
house,23
girls,23
description,23
almost,23
broken,23
tattoos,23
masks,23
times,22
soon,22
lost,22
friend,22
expecting,22
show,22
plus,22
must,22
condition,22
light,22
short,22
several,22
family,22
advent,22
maybe,22
metal,22
ship,22
design,22
longer,22
bits,21
loads,21
wash,21
us,21
ideal,21
nothing,21
night,21
others,21
n,21
difficult,21
b,21
help,21
r,21
story,21
certainly,21
stick,21
name,20
paid,20
stay,20
helpful,20
baby,20
stand,20
cool,20
wait,20
those,20
unfortunately,20
extra,20
door,20
cheaper,20
doll,20
overpriced,20
done,20
g,20
nephew,20
pool,20
lasted,20
fairly,19
simple,19
older,19
young,19
fits,19
thanks,19
life,19
daughters,19
bag,19
coloured,19
wouldn,19
nicely,19
brought,19
especially,19
whole,19
models,19
xmas,19
add,19
left,19
clear,19
packs,19
battery,19
tiles,19
puzzles,19
train,18
trying,18
works,18
home,18
won,18
tried,18
wings,18
purpose,18
pink,18
included,18
players,18
otherwise,18
awesome,18
photo,18
husband,18
priced,18
batman,18
detailed,18
fancy,18
instructions,18
wasgij,18
try,17
promptly,17
let,17
age,17
red,17
suitable,17
working,17
likes,17
mine,17
fault,17
impressed,17
main,17
cant,17
olds,17
create,17
mad,17
numbers,17
everyone,17
issue,17
week,17
reviewer,17
pay,17
loom,17
paper,17
suit,17
sets,16
mum,16
under,16
fall,16
thomas,16
niece,16
else,16
dog,16
delighted,16
thinking,16
dark,16
flimsy,16
ordering,16
bright,16
group,16
start,16
vine,16
wish,16
second,16
missing,16
granddaughter,16
pen,16
six,16
advertised,16
character,16
piece,16
company,16
loose,16
beads,16
front,16
tricky,16
aren,16
stated,16
inflated,16
tattoo,16
glue,16
rules,16
im,15
super,15
standard,15
goes,15
felt,15
enjoy,15
brand,15
holes,15
obviously,15
perfectly,15
plays,15
actual,15
haven,15
least,15
table,15
educational,15
minutes,15
wooden,15
decent,15
point,15
yr,15
cardboard,15
until,15
plenty,15
durable,15
following,15
started,15
wheels,15
adult,15
arrive,15
someone,15
room,15
gave,15
elastic,15
banners,15
decided,14
anything,14
reason,14
prompt,14
gone,14
means,14
tall,14
onto,14
chess,14
whilst,14
meant,14
instead,14
surprise,14
okay,14
disney,14
boxes,14
wars,14
rubbish,14
hair,14
careful,14
wonderful,14
variety,14
pirate,14
complete,14
pick,14
decks,14
deck,14
100,14
puzzle,14
fair,13
dont,13
imagination,13
honest,13
learning,13
robust,13
attached,13
engine,13
colourful,13
future,13
choice,13
finished,13
guess,13
properly,13
replacement,13
giving,13
man,13
clearly,13
theme,13
rest,13
low,13
liked,13
couldn,13
sand,13
sons,13
animals,13
designed,13
scene,13
watch,13
package,13
bike,13
straight,13
ages,13
useless,13
wall,13
ms,13
skin,13
pirates,13
pull,13
john,13
x,13
date,13
superman,13
scalextric,13
heavy,12
sarah,12
move,12
type,12
anyway,12
receive,12
yellow,12
usual,12
noticed,12
display,12
unless,12
huge,12
supposed,12
stocking,12
rebecca,12
blow,12
coming,12
sometimes,12
worked,12
foam,12
taking,12
roll,12
words,12
change,12
dolls,12
v,12
horses,12
excited,12
designs,12
pens,12
waste,12
fell,12
ben,12
charge,12
tell,12
available,12
completely,12
mind,12
silver,12
postage,12
stop,12
ever,12
forward,12
hanging,12
grandchildren,12
hit,12
cut,12
sleeve,12
reasonable,12
badly,12
dinosaurs,12
question,12
putting,11
products,11
special,11
fans,11
themselves,11
twice,11
nearly,11
letters,11
letter,11
annoying,11
therefore,11
similar,11
presents,11
remove,11
tracks,11
arms,11
managed,11
shop,11
taken,11
everywhere,11
considering,11
brown,11
send,11
understand,11
known,11
david,11
normal,11
stayed,11
fully,11
beware,11
maths,11
handy,11
paul,11
between,11
scrabble,11
turn,11
ended,11
spare,11
die,11
luck,11
holiday,11
fiddly,11
break,11
clean,11
weeks,11
previous,11
required,11
here,11
match,11
cloak,11
gun,11
thrilled,11
decorations,11
problems,11
keeps,11
action,11
basic,11
water,11
length,11
fitted,11
outfit,11
average,11
effect,11
w,11
mean,11
tights,11
trivial,11
pursuit,11
glad,10
series,10
uses,10
button,10
weren,10
body,10
princess,10
particularly,10
saw,10
despite,10
example,10
leg,10
tear,10
estimated,10
print,10
amount,10
result,10
emma,10
sticker,10
provided,10
correct,10
damaged,10
sheet,10
run,10
glass,10
helen,10
pricey,10
selection,10
themed,10
early,10
50,10
space,10
sort,10
near,10
gives,10
indeed,10
shown,10
pop,10
image,10
useful,10
person,10
hope,10
hung,10
bunting,10
h,10
fold,10
painting,10
hour,10
falling,10
allow,10
bags,10
hot,10
packed,10
bottom,10
moshi,10
dad,10
features,10
scale,10
clock,10
return,10
movie,10
ultra,10
pocket,10
hang,10
cake,10
decoration,10
younger,10
percy,10
jabba,10
palace,10
interactive,9
offer,9
turned,9
batteries,9
karen,9
past,9
none,9
safe,9
realistic,9
shape,9
asked,9
seams,9
tend,9
wood,9
images,9
blown,9
post,9
mark,9
orange,9
based,9
often,9
enjoys,9
max,9
mix,9
damage,9
perhaps,9
various,9
contents,9
become,9
scenes,9
popular,9
mess,9
horse,9
city,9
500,9
impossible,9
grand,9
grandsons,9
collector,9
experience,9
edition,9
line,9
batcave,9
mechanism,9
reviewervine,9
clip,9
since,9
bands,9
storage,9
earrings,9
late,9
busy,9
hole,9
beautiful,9
word,9
added,9
sizes,9
mins,9
eventually,9
takes,9
parties,9
smith,9
worried,9
wont,9
1000,9
note,9
didnt,9
pro,9
player,9
usually,9
balloon,9
brother,9
halloween,9
funny,9
lack,9
kid,9
base,9
kind,9
puppets,9
ripped,9
jigsaws,9
buzzer,9
building,8
trains,8
construction,8
wife,8
engines,8
christening,8
fixed,8
mistake,8
asking,8
lift,8
jane,8
handle,8
bed,8
label,8
including,8
sit,8
touch,8
myself,8
sister,8
oh,8
sue,8
filler,8
misleading,8
random,8
popped,8
please,8
collect,8
contains,8
tool,8
treat,8
against,8
fill,8
reasonably,8
months,8
hence,8
rip,8
today,8
ago,8
anne,8
morning,8
during,8
built,8
mini,8
fire,8
pins,8
clips,8
craft,8
rubber,8
gold,8
double,8
cannot,8
surprised,8
99,8
tools,8
dalek,8
removing,8
simply,8
ask,8
per,8
nicola,8
sticks,8
challenge,8
mary,8
jo,8
strange,8
doing,8
power,8
fabric,8
turns,8
inflate,8
carol,8
slight,8
broke,8
apply,8
wrist,8
awful,8
wearing,8
purchasing,8
comment,8
sheets,8
choose,8
remember,8
park,8
section,8
minifigures,8
glow,8
film,8
booster,8
list,8
lid,8
keldeo,8
ex,8
evening,8
proper,8
shirt,8
extremely,8
uk,8
gary,8
supplied,8
painted,8
harry,8
2008,8
bakugan,8
kite,8
playmobil,8
storytelling,8
yes,7
pair,7
talking,7
imagine,7
told,7
odd,7
glued,7
claire,7
care,7
eyes,7
personally,7
bring,7
poorly,7
lee,7
dragon,7
sam,7
faces,7
weight,7
square,7
cause,7
bored,7
speed,7
famous,7
possibly,7
particular,7
chance,7
course,7
peter,7
inches,7
placed,7
o,7
month,7
stuff,7
collecting,7
opening,7
sale,7
unlike,7
suppose,7
guessing,7
lisa,7
id,7
close,7
stencils,7
attention,7
keeping,7
free,7
dust,7
harley,7
2005,7
hardly,7
imaginext,7
repair,7
online,7
arm,7
mention,7
downside,7
knowing,7
details,7
exciting,7
anywhere,7
liz,7
susan,7
sell,7
difference,7
bear,7
covers,7
tight,7
allows,7
flat,7
names,7
taylor,7
feels,7
amused,7
flight,7
3rd,7
air,7
interesting,7
pump,7
returned,7
held,7
seconds,7
gloves,7
effective,7
reach,7
notice,7
thats,7
sleeves,7
glitter,7
bonus,7
number,7
hall,7
race,7
versions,7
replace,7
wears,7
wonder,7
george,7
concept,7
became,7
nephews,7
steve,7
princesses,7
reading,7
squares,7
adding,7
wheel,7
joke,7
confetti,7
mixed,7
deluxe,7
tile,7
holders,7
chuggington,6
interact,6
believe,6
dissapointed,6
mostly,6
compared,6
contacted,6
recipient,6
grandaughter,6
totally,6
collar,6
pet,6
doug,6
lifelike,6
dogs,6
stopped,6
paula,6
seeing,6
neck,6
fix,6
plush,6
toothless,6
fluff,6
adorable,6
lose,6
amy,6
ways,6
quantity,6
forever,6
waiting,6
easier,6
attractive,6
classic,6
somewhat,6
realise,6
modern,6
level,6
suggests,6
chose,6
matter,6
spent,6
prefer,6
hat,6
hopefully,6
success,6
mould,6
shapes,6
separately,6
entertained,6
recent,6
police,6
completed,6
seemed,6
aged,6
originally,6
kelly,6
vibrant,6
tracey,6
frozen,6
apparently,6
store,6
louise,6
materials,6
eye,6
types,6
davidson,6
matchbox,6
anakin,6
immediately,6
natalie,6
linda,6
wind,6
likely,6
basically,6
crane,6
minute,6
options,6
trick,6
pilot,6
colouring,6
panels,6
position,6
tv,6
fabulous,6
hull,6
rainbow,6
shows,6
deal,6
elsewhere,6
accurate,6
ears,6
except,6
follow,6
y,6
call,6
bedroom,6
brush,6
brill,6
kinda,6
sides,6
later,6
wore,6
background,6
summer,6
slide,6
feature,6
carefully,6
f,6
criticism,6
higher,6
states,6
mouth,6
obsessed,6
yo,6
45,6
temporary,6
washed,6
area,6
laura,6
frustrating,6
prepared,6
spend,6
upon,6
prop,6
consider,6
bother,6
charged,6
pokemon,6
alot,6
possible,6
world,6
mtg,6
pulled,6
cover,6
levels,6
tough,6
suggest,6
field,6
helium,6
outside,6
shower,6
boat,6
michelle,6
walker,6
sorted,6
hood,6
lounge,6
twist,6
land,6
projects,6
parents,6
hoping,6
crow,6
cat,6
tower,6
drawing,6
noise,6
jigsaw,6
18th,6
enjoyable,6
moving,6
sweet,6
learn,6
thus,6
conductor,6
assembly,6
parachute,6
polly,6
dreamworks,6
shuttle,6
charms,6
entertainment,5
skills,5
push,5
clever,5
koko,5
english,5
toddler,5
disappointment,5
slip,5
pushed,5
press,5
horn,5
knew,5
brenda,5
refund,5
maria,5
substitute,5
local,5
trouble,5
staying,5
test,5
frame,5
smell,5
legs,5
cloth,5
sorry,5
dan,5
counting,5
china,5
middle,5
printing,5
title,5
james,5
travel,5
davies,5
strategy,5
ward,5
sealed,5
peel,5
intended,5
tho,5
caught,5
truly,5
style,5
edges,5
alright,5
gripe,5
entertaining,5
covered,5
printed,5
laughs,5
burn,5
behind,5
jones,5
floor,5
enjoying,5
ross,5
richard,5
surprising,5
outer,5
sad,5
waited,5
van,5
eldest,5
removed,5
plain,5
creating,5
sharp,5
lights,5
diecast,5
finger,5
includes,5
bargain,5
true,5
desperate,5
attach,5
string,5
advert,5
assembled,5
substantial,5
bat,5
shopping,5
unique,5
firing,5
view,5
ball,5
lucky,5
collectors,5
single,5
starter,5
include,5
bent,5
packing,5
quiet,5
convenient,5
book,5
sparkly,5
previously,5
realised,5
appeared,5
sticky,5
thick,5
appears,5
ready,5
lol,5
window,5
jake,5
third,5
envelope,5
lasting,5
form,5
gifts,5
pain,5
wee,5
negative,5
goods,5
issues,5
penny,5
above,5
concert,5
clearer,5
speedy,5
total,5
dear,5
bracelet,5
cotton,5
castle,5
5yr,5
lasts,5
monster,5
worn,5
mcdonald,5
loop,5
mike,5
sections,5
plates,5
slot,5
lightning,5
flying,5
ten,5
dji,5
aircraft,5
club,5
members,5
rating,5
important,5
mail,5
grass,5
risk,5
release,5
certain,5
compartments,5
carry,5
tins,5
moment,5
leaving,5
filled,5
mentioned,5
tape,5
decorate,5
supplier,5
julie,5
rachael,5
shaped,5
threads,5
fitting,5
generous,5
tad,5
pattern,5
stitching,5
potter,5
definately,5
moon,5
sounds,5
pointless,5
diorama,5
farm,5
band,5
prevent,5
hoped,5
ornament,5
aware,5
fingers,5
vehicles,5
le,5
solid,5
keeper,5
brighten,5
plan,5
delicate,5
fluxx,5
update,5
greek,5
duck,5
snapped,5
switch,5
flip,5
carrying,5
throw,5
trophy,5
siku,5
nurse,5
dominoes,5
butterflies,5
helps,4
phrases,4
wilson,4
speak,4
appropriate,4
rock,4
surface,4
site,4
specific,4
anticipated,4
tested,4
presented,4
personalised,4
weird,4
hasn,4
sharon,4
yvonne,4
torn,4
bee,4
stiff,4
fellow,4
melissa,4
helping,4
patch,4
concern,4
jack,4
wire,4
reaction,4
positive,4
stands,4
anxiety,4
share,4
puts,4
rate,4
movement,4
nick,4
cuddly,4
chris,4
tree,4
appear,4
reality,4
happily,4
warned,4
satisfied,4
produced,4
thrown,4
fiona,4
minor,4
alike,4
terms,4
hadn,4
imagined,4
greatest,4
further,4
carried,4
battered,4
trust,4
everyday,4
choices,4
paintwork,4
wording,4
overly,4
thompson,4
reasons,4
robert,4
candle,4
meaning,4
suzanne,4
windows,4
alex,4
shops,4
rainy,4
clothes,4
accessories,4
finally,4
tears,4
doors,4
schleich,4
happened,4
wet,4
rider,4
bridle,4
stories,4
santa,4
sitting,4
avoid,4
ships,4
multiple,4
patricia,4
bev,4
drive,4
mm,4
warning,4
superb,4
ian,4
stunning,4
autoart,4
michael,4
limited,4
twenty,4
carsmodels,4
street,4
2006,4
battle,4
detailing,4
2007,4
writing,4
station,4
relatively,4
checking,4
playset,4
annoyed,4
missile,4
written,4
constantly,4
exploded,4
control,4
confused,4
massive,4
nor,4
running,4
shipping,4
hassle,4
photograph,4
luckily,4
amanda,4
robinson,4
stud,4
opens,4
faulty,4
hama,4
cheapest,4
patterns,4
hobby,4
wide,4
flower,4
shall,4
stewart,4
celebration,4
somewhere,4
emily,4
ie,4
guy,4
ace,4
assemble,4
fridge,4
cook,4
printer,4
nevertheless,4
pic,4
sized,4
obscure,4
margaret,4
darker,4
moore,4
keith,4
dull,4
keys,4
gel,4
rio,4
neat,4
shiny,4
sadly,4
project,4
generally,4
reusable,4
carpet,4
ours,4
weak,4
creative,4
sided,4
spray,4
plug,4
weather,4
incorrect,4
width,4
paddling,4
winter,4
hes,4
admit,4
laugh,4
defo,4
delight,4
cooper,4
recently,4
unable,4
points,4
upper,4
hannah,4
pre,4
digital,4
genuine,4
fametop,4
132,4
machine,4
separate,4
serious,4
equally,4
decals,4
anthony,4
snap,4
guards,4
initial,4
originals,4
transmitter,4
safety,4
rc,4
rare,4
wasnt,4
language,4
king,4
support,4
effort,4
expansion,4
alone,4
armoured,4
kryptonite,4
matters,4
surprisingly,4
trading,4
storing,4
popping,4
bird,4
changed,4
rattle,4
cheaply,4
served,4
1x,4
toploaders,4
protection,4
adam,4
selling,4
daniel,4
season,4
wedding,4
deflated,4
williams,4
candles,4
elliott,4
diamond,4
4th,4
backing,4
burst,4
grandparents,4
tacky,4
comfortable,4
velcro,4
def,4
feeling,4
julian,4
granddaughters,4
skirt,4
earlier,4
headdress,4
medieval,4
buyer,4
hubby,4
comfy,4
reviewers,4
caused,4
nerf,4
saying,4
wally,4
normally,4
growing,4
sorts,4
frog,4
stuffing,4
production,4
ahead,4
choking,4
dylan,4
barlow,4
catherine,4
pencils,4
thoroughly,4
practice,4
smurfette,4
potential,4
beautifully,4
debbie,4
appreciate,4
center,4
class,4
self,4
individual,4
breaking,4
deborah,4
timmy,4
60,4
tangled,4
boyfriend,4
info,4
kennedy,4
swirls,4
cos,4
enjoyment,4
starts,4
god,4
duel,4
tactics,4
mental,4
ring,4
solo,4
likeness,4
falls,4
wrapping,4
dangerous,4
tail,4
swift,4
mixing,4
plaster,4
leave,4
awkward,4
batgirl,4
foot,4
west,4
gorgeous,4
finish,4
rocking,4
mechanics,4
components,4
mosaic,4
rancor,4
pit,4
lil,4
neymar,4
toddlers,4
joy,4
lapras,4
pinhead,4
rugrats,4
dominos,4
youngest,4
experiments,4
discarded,4
answers,4
longevity,3
handed,3
dusty,3
paying,3
marked,3
smile,3
male,3
55,3
railway,3
spell,3
peoples,3
detachable,3
bigjigs,3
via,3
email,3
organise,3
organised,3
durability,3
tends,3
guys,3
overjoyed,3
lead,3
mummy,3
sleep,3
allowed,3
visit,3
behaviour,3
belly,3
bulky,3
russell,3
stuffed,3
teenager,3
yesterday,3
general,3
companion,3
june,3
wipe,3
necessary,3
obvious,3
vicky,3
teddy,3
katie,3
wins,3
rachel,3
mitchell,3
jules,3
quicker,3
office,3
throwing,3
complain,3
brightly,3
lessons,3
count,3
preschool,3
sound,3
ideas,3
resource,3
tina,3
justice,3
concerned,3
grasp,3
placing,3
afraid,3
ali,3
makers,3
vary,3
aspect,3
brittle,3
corners,3
barely,3
craig,3
visible,3
rough,3
balance,3
skill,3
yahtzee,3
quote,3
morris,3
safely,3
chocolate,3
unusual,3
calender,3
messy,3
lorraine,3
easter,3
leaves,3
dirty,3
jacqui,3
hundreds,3
initially,3
lightweight,3
brings,3
invest,3
mobile,3
flaps,3
strongly,3
helmet,3
depending,3
device,3
instant,3
planned,3
picked,3
nowhere,3
sign,3
met,3
porsche,3
website,3
girlfriend,3
tyres,3
handled,3
pleasure,3
checked,3
history,3
skywalker,3
lightsaber,3
belt,3
shouldn,3
cartoon,3
interested,3
agree,3
00,3
system,3
screws,3
reel,3
crazy,3
containing,3
tanks,3
adores,3
released,3
knees,3
fires,3
turntable,3
robin,3
computer,3
newer,3
missed,3
replica,3
holds,3
replacing,3
cannon,3
failing,3
target,3
doctor,3
secure,3
thankyou,3
valerie,3
hook,3
write,3
happier,3
bracelets,3
moulds,3
painful,3
sticking,3
isabella,3
dave,3
funky,3
ironed,3
feed,3
giant,3
defective,3
lacing,3
rod,3
folded,3
scrap,3
envelopes,3
sending,3
pages,3
mo,3
cheerful,3
rated,3
hesitate,3
ryan,3
artist,3
worse,3
alison,3
martin,3
books,3
rollers,3
page,3
reader,3
shoddy,3
canvas,3
intricate,3
paints,3
indicator,3
experienced,3
shades,3
cases,3
thicker,3
peeled,3
dean,3
himself,3
dressed,3
cousin,3
proudly,3
jolly,3
kate,3
plasticky,3
covering,3
reused,3
surfaces,3
transfers,3
transport,3
fund,3
fallen,3
lucy,3
goo,3
opinion,3
centre,3
amazed,3
split,3
winner,3
survived,3
bucket,3
grown,3
empty,3
lawn,3
fireman,3
allen,3
claws,3
anna,3
robertson,3
rub,3
shoulder,3
hairy,3
distance,3
fail,3
childs,3
gough,3
epic,3
gemma,3
adventure,3
teresa,3
advice,3
lady,3
harder,3
dead,3
wrists,3
slipped,3
hide,3
genuinely,3
simon,3
business,3
pulling,3
stencil,3
theirs,3
bothered,3
monsters,3
current,3
superhero,3
rush,3
pat,3
guide,3
dr,3
lacks,3
gt,3
additional,3
yourself,3
advantage,3
picks,3
parent,3
braids,3
proven,3
answer,3
braid,3
starting,3
unit,3
balanced,3
perform,3
fraction,3
colin,3
fly,3
afternoon,3
prior,3
country,3
deliver,3
arrival,3
diameter,3
requires,3
alternative,3
precious,3
advised,3
timing,3
palmer,3
watson,3
designer,3
toe,3
tie,3
weapons,3
guard,3
spring,3
rooftop,3
vs,3
suggested,3
feet,3
roof,3
lauren,3
pictured,3
wrap,3
yugioh,3
nights,3
tube,3
option,3
counters,3
state,3
bunch,3
suits,3
roomy,3
journey,3
protective,3
greasy,3
food,3
helped,3
smooth,3
gas,3
silly,3
foil,3
brighter,3
granny,3
mouse,3
song,3
smoke,3
jubilee,3
2nd,3
inexpensive,3
occasion,3
garden,3
badge,3
advance,3
bill,3
mb,3
tank,3
factor,3
places,3
containers,3
mother,3
hawaiian,3
minimal,3
fragile,3
iron,3
70s,3
hem,3
sword,3
catwalk,3
competition,3
bust,3
height,3
upset,3
location,3
pockets,3
shoe,3
dressing,3
incredibly,3
whiskers,3
occasionally,3
teenage,3
reynolds,3
whether,3
worry,3
dropping,3
practically,3
shut,3
literally,3
tutu,3
charity,3
scott,3
event,3
professionals,3
2000,3
jackson,3
rover,3
partner,3
terminator,3
diagram,3
major,3
beginners,3
gluing,3
scenic,3
vehicle,3
mickey,3
duplicates,3
complaints,3
saved,3
andy,3
mums,3
honestly,3
loving,3
roberts,3
receipt,3
pencil,3
turquoise,3
monkey,3
babies,3
jean,3
marks,3
ss,3
crafted,3
battering,3
ram,3
lower,3
jordan,3
movies,3
autistic,3
content,3
prices,3
freely,3
mosquito,3
desk,3
amusing,3
provides,3
unnecessary,3
richardson,3
tidy,3
fiddled,3
fidget,3
logo,3
nicholson,3
jr,3
binder,3
dick,3
allie,3
discovered,3
generation,3
created,3
stood,3
across,3
pam,3
decorating,3
flags,3
badges,3
joanne,3
ceiling,3
wrapped,3
awkwardly,3
30th,3
tesco,3
pile,3
assassin,3
token,3
involved,3
dual,3
interest,3
gamewright,3
recommendation,3
zeus,3
kindle,3
thoughtful,3
blackjack,3
knowledge,3
talk,3
mud,3
process,3
spot,3
boring,3
15cm,3
definite,3
favorite,3
han,3
adequate,3
seal,3
nursery,3
search,3
sculpt,3
represented,3
snakes,3
backwards,3
tune,3
christine,3
select,3
vintage,3
discount,3
turtle,3
turtles,3
crayons,3
element,3
spirograph,3
ruining,3
housing,3
complex,3
rag,3
spaces,3
tries,3
gem,3
rolling,3
fig,3
repetitive,3
win,3
bean,3
megan,3
flies,3
mower,3
adore,3
horizontal,3
balsa,3
disapointed,3
rerelease,3
cast,3
fodder,3
40,3
curved,3
branded,3
xxx,3
hellraiser,3
born,3
microphone,3
grille,3
buys,3
score,3
competitive,3
timer,3
wedge,3
regularly,3
editions,3
answering,3
genus,3
pads,3
beetle,3
cure,2
regret,2
rail,2
impressions,2
smart,2
recognise,2
phrase,2
fiver,2
herself,2
speaking,2
team,2
non,2
layout,2
curve,2
specify,2
carriages,2
slips,2
caz,2
fixture,2
phone,2
cuddles,2
noises,2
thinks,2
jenny,2
teach,2
appropriately,2
eating,2
polystyrene,2
beans,2
bus,2
washes,2
rings,2
pose,2
picking,2
snuggle,2
cathy,2
posed,2
firm,2
lovers,2
sees,2
skeleton,2
creature,2
cats,2
pets,2
giraffe,2
separation,2
damp,2
lizzie,2
strength,2
shorter,2
impression,2
ive,2
fur,2
sewn,2
navy,2
gibbs,2
color,2
stunt,2
q,2
representing,2
viewed,2
mac,2
cooler,2
encouraging,2
zoe,2
blew,2
located,2
ink,2
outdoor,2
teaching,2
kaz,2
classroom,2
injury,2
driving,2
akin,2
draughts,2
consists,2
serve,2
opponents,2
master,2
unopened,2
scrubbing,2
dots,2
beyond,2
chessex,2
unbalanced,2
prettiest,2
chipped,2
influenced,2
bailey,2
drawn,2
engaging,2
brain,2
taxing,2
spending,2
perudo,2
hate,2
mama,2
combinations,2
wine,2
contact,2
stating,2
comparable,2
removal,2
appreciated,2
iain,2
sturdily,2
fuzzy,2
tradition,2
gardner,2
reusing,2
folds,2
calenders,2
deeper,2
stephanie,2
edge,2
dropped,2
cope,2
shelley,2
monique,2
french,2
availability,2
chapter,2
resulted,2
fanatic,2
parcels,2
mclaughlan,2
smoochypoo,2
patiently,2
24th,2
li,2
mcclelland,2
tele,2
sleich,2
ending,2
zoofarm,2
creatures,2
suzy,2
collects,2
riders,2
playability,2
effectively,2
failed,2
disappoint,2
snow,2
figurines,2
robbers,2
fisherman,2
backdrop,2
men,2
avid,2
contained,2
eared,2
hiding,2
teeth,2
stupid,2
december,2
1st,2
knows,2
numerous,2
18month,2
200,2
hoover,2
contain,2
bottles,2
casing,2
weaken,2
holding,2
pass,2
wellmade,2
lids,2
pots,2
stains,2
tables,2
childrens,2
lori,2
maureen,2
aimed,2
creighton,2
pound,2
911,2
term,2
minimodels,2
common,2
interior,2
roger,2
identical,2
dissappointed,2
revenge,2
reissue,2
saga,2
lightsabre,2
forwards,2
followed,2
till,2
doubt,2
hose,2
mattel,2
hey,2
jail,2
unwrap,2
locate,2
promising,2
grrrr,2
daddy,2
launcher,2
searched,2
eve,2
stronger,2
october,2
75,2
canon,2
powerful,2
patrol,2
war,2
protecting,2
defeats,2
object,2
slots,2
panel,2
operate,2
adverts,2
sonic,2
screwdriver,2
shelf,2
andrew,2
cockpit,2
diane,2
krazy,2
looms,2
brands,2
branding,2
purely,2
tedious,2
collours,2
rows,2
row,2
pegs,2
grid,2
sturdier,2
selected,2
advertising,2
compact,2
ear,2
convert,2
adjust,2
pierced,2
accessory,2
48,2
peirced,2
posted,2
successful,2
excellant,2
davis,2
finishing,2
cynthia,2
superior,2
shirley,2
lesley,2
fatal,2
flaw,2
yep,2
jayne,2
guessed,2
interchangeable,2
decor,2
island,2
thickness,2
caroline,2
creamy,2
ivory,2
below,2
nails,2
relaxing,2
east,2
minimum,2
dried,2
brushes,2
novel,2
regarding,2
accuracy,2
sequencing,2
application,2
beginner,2
roy,2
improvement,2
multi,2
townsend,2
graham,2
pressed,2
keyboard,2
dated,2
omg,2
mixes,2
3d,2
engaged,2
desert,2
showed,2
fiddling,2
fashioned,2
bin,2
art,2
attraction,2
roughly,2
folding,2
preferred,2
outfits,2
dyer,2
shade,2
swimming,2
lets,2
inflatable,2
knife,2
jokes,2
exchanged,2
fight,2
pistols,2
bumper,2
splashing,2
keen,2
causes,2
pressure,2
measurements,2
dept,2
5m,2
ripoff,2
deep,2
deflating,2
wasted,2
summers,2
shane,2
isnt,2
morgan,2
goggles,2
facepainting,2
response,2
78,2
costumes,2
alternatives,2
offered,2
smallish,2
simmonds,2
transfer,2
temp,2
bend,2
stretch,2
dally,2
stockings,2
varied,2
bid,2
convincing,2
ruins,2
delay,2
lindsay,2
terrible,2
stock,2
sandra,2
news,2
eay,2
daz,2
penge,2
appearance,2
led,2
north,2
porgie,2
photos,2
usable,2
overlaps,2
curious,2
narrow,2
pleasant,2
baggy,2
medium,2
biker,2
fathers,2
dispatched,2
stretchy,2
flesh,2
gray,2
scheme,2
ill,2
mason,2
dream,2
sensitive,2
sat,2
stored,2
comparison,2
moshis,2
6yr,2
nicer,2
pounds,2
obsession,2
mario,2
lane,2
bates,2
punch,2
spends,2
practising,2
comparing,2
activities,2
annoyingly,2
terence,2
dunn,2
exception,2
importantly,2
confusion,2
rear,2
ease,2
speeds,2
races,2
minis,2
insert,2
strip,2
prone,2
exceptional,2
buchan,2
adhere,2
youth,2
beside,2
moves,2
grumble,2
applying,2
accompaniment,2
testing,2
duration,2
increase,2
fat,2
affecting,2
quid,2
props,2
performance,2
hell,2
carbon,2
leigh,2
desperately,2
phantom,2
motors,2
allan,2
bind,2
spektrum,2
replaced,2
portable,2
views,2
trip,2
belfast,2
royal,2
jp,2
truck,2
cross,2
shaft,2
listed,2
sweep,2
exact,2
mended,2
kitchen,2
sufficient,2
afford,2
bricks,2
recreate,2
armored,2
represent,2
currently,2
batsignal,2
imaginative,2
pals,2
signal,2
cape,2
assistance,2
superheroes,2
standards,2
heroes,2
forget,2
equipped,2
container,2
stable,2
garage,2
terry,2
kim,2
sellers,2
valuable,2
duplicate,2
gotten,2
rapidash,2
scuffed,2
mint,2
posting,2
approved,2
pokmon,2
transaction,2
evident,2
bubble,2
according,2
complement,2
gaming,2
dividers,2
builder,2
compartment,2
specifically,2
mat,2
organized,2
matt,2
ultrapro,2
stylish,2
abroad,2
holo,2
finding,2
bashed,2
promo,2
legendary,2
treasures,2
dragons,2
destinies,2
defiantly,2
shoebox,2
earth,2
address,2
pristine,2
protect,2
raising,2
evans,2
canister,2
teet,2
throughout,2
sighted,2
ballon,2
modelling,2
fountain,2
a1,2
un,2
wondering,2
british,2
horrible,2
ib,2
6th,2
latex,2
manually,2
inch,2
emailed,2
becky,2
alexandra,2
blowing,2
wright,2
carver,2
scare,2
moneya,2
sisters,2
wants,2
hunter,2
locally,2
chest,2
fastenings,2
frilly,2
joe,2
bloggs,2
sewing,2
disco,2
frayed,2
dorothy,2
stray,2
taller,2
check,2
uncomfortable,2
storm,2
dissapointing,2
stiffening,2
regal,2
organizers,2
crown,2
authenticity,2
39,2
voile,2
unlikely,2
alice,2
wonderland,2
raggy,2
pickup,2
68,2
choosing,2
apple,2
couldnt,2
angela,2
motor,2
sometime,2
undone,2
confined,2
kevin,2
davey,2
trousers,2
jealous,2
jemma,2
jacques,2
balls,2
hips,2
underneath,2
totoro,2
tissue,2
warm,2
poppers,2
closed,2
ruin,2
factory,2
teenagers,2
cosy,2
wonky,2
tighten,2
shoes,2
invited,2
mission,2
biggie,2
guns,2
ebay,2
norma,2
ladder,2
pleasantly,2
tracy,2
mate,2
military,2
army,2
specialist,2
nearest,2
collectible,2
recieved,2
16th,2
sourced,2
consisting,2
sprue,2
indicate,2
kits,2
reservations,2
howard,2
tabs,2
ww1,2
bases,2
angle,2
cracked,2
gail,2
partners,2
corby,2
donald,2
1d,2
georgina,2
direction,2
listing,2
potentially,2
imaginary,2
vivid,2
bookworm,2
recomended,2
stage,2
panda,2
breaks,2
chapman,2
animal,2
impersonations,2
becomes,2
changes,2
elephant,2
frank,2
ups,2
sean,2
laughter,2
compliments,2
stolen,2
finds,2
barlows,2
relationship,2
blurry,2
audience,2
leopard,2
figurine,2
janice,2
unsuitable,2
article,2
digger,2
inquisitive,2
knight,2
knights,2
cheung,2
finetipped,2
repeating,2
mandala,2
began,2
occupied,2
feedback,2
designing,2
smurf,2
windmill,2
wannabe,2
4yr,2
pixar,2
topolino,2
tractors,2
julia,2
pushing,2
hearts,2
jessica,2
recognisable,2
vinyl,2
london,2
playtime,2
pleasing,2
locked,2
constant,2
reminder,2
recreated,2
miniature,2
henry,2
lynne,2
leprechaun,2
amusement,2
irish,2
jas,2
smelling,2
jeanette,2
chunky,2
attracts,2
whenever,2
workman,2
granson,2
savies,2
scary,2
operated,2
youngster,2
burgess,2
honey,2
pot,2
cherry,2
discover,2
link,2
topic,2
role,2
wool,2
fortunate,2
hill,2
thoughts,2
distracted,2
sally,2
complicated,2
information,2
evelyn,2
called,2
confusing,2
moved,2
u,2
daily,2
disappointingly,2
causing,2
lmw,2
napkins,2
indicates,2
marsh,2
bay,2
slater,2
gate,2
charlotte,2
runs,2
dinner,2
tapes,2
sellotape,2
3yr,2
reccomend,2
3year,2
indoors,2
strings,2
repacked,2
groups,2
slipping,2
flow,2
allowing,2
harrison,2
hanger,2
walking,2
hangers,2
hangs,2
phillips,2
trimmings,2
sprinkles,2
jen,2
orderd,2
murphy,2
dee,2
keepers,2
creepers,2
abilities,2
neither,2
wholeheartedly,2
semple,2
reset,2
trumps,2
facts,2
newcomers,2
plainswalkers,2
magic,2
gathering,2
introducing,2
casual,2
introduce,2
strategic,2
happen,2
8yo,2
sleeping,2
queens,2
5yo,2
component,2
bruce,2
tat,2
furious,2
involves,2
digit,2
arithmetic,2
research,2
gods,2
realising,2
wished,2
rocks,2
frequently,2
simpsons,2
gentle,2
bending,2
gordon,2
judge,2
chessboard,2
chrome,2
lightest,2
member,2
pressie,2
memories,2
dispenser,2
values,2
football,2
outrageous,2
intervals,2
footie,2
doubles,2
entrance,2
downsides,2
toby,2
driver,2
takenplay,2
cranky,2
neatly,2
load,2
extend,2
firmly,2
10cm,2
impressive,2
alien,2
movable,2
witch,2
heads,2
ryansson,2
duggee,2
underbelly,2
gently,2
trex,2
triceratops,2
swiftly,2
visibly,2
manufacturing,2
loveyly,2
thou,2
duarable,2
hollow,2
ar,2
squidgy,2
brachiosaur,2
positioned,2
apatosaurus,2
papo,2
rich,2
watched,2
charm,2
reminds,2
moulded,2
siobhan,2
lame,2
articulation,2
pressing,2
rotate,2
settings,2
roar,2
interaction,2
chat,2
denton,2
period,2
leah,2
candice,2
alan,2
canning,2
entry,2
fillers,2
joining,2
woman,2
ninja,2
soldier,2
steven,2
darts,2
lightsabers,2
intend,2
la,2
packet,2
sophia,2
anymore,2
hemmings,2
practical,2
health,2
solution,2
tag,2
remembered,2
artwork,2
decision,2
wider,2
measure,2
returning,2
bet,2
porcelain,2
oven,2
dries,2
dry,2
provide,2
essentially,2
difficulty,2
muddled,2
polish,2
nicole,2
norman,2
jedi,2
wow,2
coins,2
chewbacca,2
tricks,2
proves,2
willing,2
steps,2
mouldings,2
rrp,2
120,2
squinkie,2
doo,2
elder,2
barca,2
justine,2
winds,2
communication,2
nasty,2
loud,2
lawnmower,2
clicking,2
noisy,2
manage,2
wendy,2
untill,2
handles,2
crushed,2
splitting,2
heavier,2
tubes,2
gimbal,2
plane,2
7cm,2
pc,2
holmes,2
fooled,2
closely,2
format,2
wasgijs,2
nan,2
bob,2
expectation,2
acceptable,2
trailer,2
lorry,2
boom,2
upright,2
claw,2
snapping,2
wagon,2
hopper,2
singled,2
yrs,2
awhile,2
nurses,2
comfort,2
rounds,2
watching,2
dragonite,2
groovy,2
aim,2
spinning,2
cup,2
rushed,2
ginger,2
sold,2
youngsters,2
4wks,2
richards,2
chicken,2
donkey,2
farmer,2
gareth,2
lungley,2
scanner,2
telling,2
attaining,2
misshaped,2
adds,2
bikes,2
shopper,2
halo,2
ties,2
bath,2
thundercats,2
combat,2
offense,2
shields,2
remain,2
vtech,2
updated,2
affordable,2
twisted,2
grandma,2
shag,2
reverse,2
matching,2
racks,2
regular,2
boards,2
surround,2
de,2
luxe,2
scoring,2
whatever,2
fed,2
dairy,2
checkout,2
chase,2
physics,2
forces,2
bingo,2
prompts,2
inclusion,2
whoever,2
holidays,2
bang,2
theory,2
bitesize,2
heading,2
categories,2
2004,2
repeat,2
slant,2
catagories,2
uptodate,2
ladders,2
steampunk,2
prescent,2
mrclicky,1
depends,1
havent,1
taught,1
mangae,1
force,1
milena,1
solakova,1
root,1
parttimer,1
everthing,1
chuckling,1
astonishment,1
sentences,1
itsself,1
foreign,1
kiff,1
stops,1
chugg,1
quarry,1
electricity,1
refuelling,1
depo,1
diesel,1
brewster,1
mtambo,1
chatsworth,1
dunbar,1
tellbee,1
atrrived,1
trainfastic,1
bazman,1
genuinly,1
judging,1
slopes,1
extras,1
technology,1
install,1
cremcaramel77,1
automatically,1
continually,1
approaching,1
chugger,1
tunnell,1
chugwash,1
limbo,1
henderson,1
engin,1
delightful,1
homes,1
mx,1
rosalind,1
magnetic,1
fixings,1
br110,1
bridge,1
chrismcavoy,1
mo104,1
unavailable,1
cuddle,1
2yo,1
destroy,1
counts,1
holly,1
sunsoak,1
sight,1
darton,1
anni,1
rusted,1
reassembled,1
liana,1
growler,1
kressida,1
bull,1
woof,1
wren,1
doggie,1
godchild,1
displaying,1
coats,1
seven,1
puppy,1
blanket,1
allergies,1
mushy,1
education,1
assistant,1
goodman,1
schools,1
greeting,1
border,1
collie,1
unknown,1
shep,1
bleeding,1
retirement,1
pup,1
predominantly,1
grubby,1
solidly,1
pings,1
standing,1
nit,1
paw,1
unnoticeable,1
ferret,1
lifesize,1
cuddled,1
russells,1
poop,1
3apa3ho,1
naked,1
women,1
reacts,1
cartoony,1
logical,1
hugging,1
walk,1
meter,1
sufferer,1
mandare,1
westie,1
suffers,1
shaking,1
chair,1
cocking,1
suzi,1
dosent,1
elle,1
tigerlily,1
vaporeon,1
eevee,1
morritt,1
sleeps,1
topcat,1
88,1
warr,1
scratchy,1
lint,1
workshop,1
ted,1
pickersgill,1
intact,1
cooperation,1
kingaby,1
lene,1
denmark,1
oak,1
mike4,1
workshops,1
tinge,1
tablet,1
mountain,1
convex,1
cass,1
deuce,1
letterbox,1
pahff,1
casino,1
coleman,1
gillatt,1
duxfordred,1
hazjazmaz,1
ltzmart,1
cubes,1
smudged,1
cube,1
excess,1
dripped,1
stennett,1
53,1
uncoordinated,1
spots,1
entirely,1
embed,1
functional,1
murusaki,1
silent,1
tonivee,1
colleagues,1
borrowed,1
agian,1
brooke,1
cb,1
students,1
clasess,1
flaws,1
cheng,1
translucent,1
smeared,1
reflected,1
prof,1
dd,1
htem,1
sear,1
handbags,1
515,1
maximum,1
dominator,1
possess,1
700,1
relies,1
thirtytwo,1
twoplayer,1
studying,1
arguments,1
32,1
yatzee,1
repolishing,1
robbo,1
drmerlin,1
proct,1
gro,1
backgammon,1
portrays,1
13yr,1
11yr,1
lives,1
reputation,1
kaiters,1
reign,1
woefully,1
mileage,1
bagbox,1
showoff,1
mathieson,1
noticeable,1
ocd,1
sophie,1
grimes,1
faded,1
everydayonly,1
stoping,1
counter,1
rintar,1
okabe,1
scientist,1
scratches,1
2nd3rd,1
d20,1
lucas,1
gehrmann,1
engravings,1
scuffs,1
1996,1
boggle,1
lorna,1
normand,1
participate,1
du,1
bouchet,1
skye,1
everard,1
demanded,1
13th,1
glasses,1
staffordlad,1
hong,1
kong,1
fear,1
apologising,1
bluffing,1
jenna,1
quirk,1
instruction,1
enlarged,1
legibly,1
spresto,1
drink,1
sallis,1
kym,1
snowman,1
thease,1
rona,1
ole,1
ajt,1
christmases,1
louisa,1
homeroaster,1
electronic,1
illuminated,1
jon,1
nighlight,1
holder,1
clearance,1
candlelight,1
shine,1
christmassy,1
rourke,1
spills,1
casey007,1
cotez103,1
childminder,1
fascinating,1
elizabeth,1
dvent,1
elise,1
excitement,1
hairstyle,1
developed,1
drew,1
maughan,1
centres,1
minifigure,1
hon,1
guin,1
resist,1
coolclearance,1
trees,1
plans,1
alessi,1
lover,1
playable,1
dinky,1
reuse,1
camper,1
cutout,1
healthier,1
traditional,1
wanting,1
smiles,1
er,1
fishing,1
lake,1
skateboard,1
bank,1
snowball,1
flinging,1
fend,1
cops,1
jailhouse,1
soooooo,1
hoovered,1
eaten,1
22nd,1
tuperware,1
experimenting,1
transplants,1
stacked,1
baddie,1
suzeeq,1
smushy,1
katrina,1
kati,1
wayne,1
river,1
saville,1
emmam,1
jenkins,1
zs04,1
lanyard,1
begun,1
catch,1
abbs,1
pin,1
asap,1
mred,1
dfin,1
exactely,1
tidball,1
iboughtthat,1
ans,1
beck,1
bunn,1
sheer,1
stain,1
attempts,1
zobocop,1
ran,1
lyndsey,1
bourton,1
flashing,1
tayo,1
tunes,1
etckeep,1
carrera,1
coupe,1
devoted,1
anniversaries,1
dozen,1
qualities,1
exacting,1
exterior,1
tactile,1
alloys,1
catching,1
achilles,1
heel,1
windscreen,1
wipers,1
snag,1
cleaning,1
dusting,1
accidentally,1
stupidly,1
burgundy,1
wheeled,1
mann,1
ferrari,1
599,1
prudent,1
exhibit,1
cherished,1
cabinet,1
grease,1
immense,1
fleet,1
bugatti,1
veyrons,1
koenigsegg,1
ccx,1
pagani,1
huayra,1
lamborghinis,1
ferraris,1
nise,1
hotmamajoanna,1
boxed,1
esay,1
itemsvehicles,1
falsely,1
maisto,1
blueblack,1
claimed,1
rman,1
werent,1
bowlx,1
definitley,1
sweets,1
motorbike,1
jeeps,1
asda,1
carsvanslorries,1
matchboxes,1
method,1
tk1308,1
continues,1
coruscant,1
sith,1
alternate,1
hologram,1
poesability,1
accesories,1
padme,1
amidala,1
mendonca,1
waisted,1
marketing,1
cartoons,1
ayse,1
elasmai,1
september,1
128,1
encountered,1
winding,1
brushed,1
diy,1
toyupdateafter,1
contacting,1
unsatisfactory,1
reply,1
researched,1
unscrew,1
structure,1
taut,1
screwed,1
presto,1
wil,1
chantal,1
levesque,1
telly,1
bitterly,1
responded,1
tempermental,1
curlynob,1
prison,1
cell,1
telescope,1
forgotten,1
begin,1
lit,1
svally,1
instock,1
doubting,1
noting,1
offget,1
owning,1
catalogue,1
harcourt,1
tire,1
opportunity,1
thomsonjon,1
positives,1
wonderfully,1
blackgrey,1
intermittent,1
posable,1
extremly,1
splendid,1
negatives,1
extended,1
joint,1
foresee,1
projectile,1
dosen,1
spoils,1
daleks,1
situated,1
plunger,1
extends,1
controls,1
frustrate,1
market,1
guernsey,1
gal,1
enclose,1
lightssound,1
effects,1
amiss,1
swayed,1
12th,1
tim,1
cox,1
gilder,1
whacking,1
retail,1
kath,1
bradshaw,1
dougan,1
danielssmith,1
templates,1
bartlewitt,1
yorkie,1
ewan,1
hergest,1
lyon,1
quailty,1
nikkimc19,1
suzie,1
sclips,1
christopher,1
mace,1
deserves,1
producs,1
looom,1
arrows,1
arent,1
ornage,1
duller,1
deny,1
cclips,1
tripple,1
reds,1
posible,1
peg,1
inferior,1
bandz,1
misrepresentation,1
steph,1
supports,1
sj,1
graeat,1
forster,1
8year,1
jarrett,1
loomband,1
shalina,1
begum,1
karriegfl,1
k2,1
amethyst,1
acrylic,1
gatward,1
howie,1
squarely,1
resulting,1
5mm,1
adrian,1
gee,1
susanjayne,1
christie,1
nut,1
carrie,1
heath,1
cindy,1
earings,1
gibbons,1
clippers,1
converter,1
specified,1
converts,1
crossdresser,1
horizon,1
booley,1
frogman,1
phenomenon,1
whining,1
cousins,1
nonamazon,1
retailers,1
bond,1
catalogues,1
marmalade,1
copying,1
dexterity,1
paris,1
melts,1
seymour,1
alfredtheduck,1
choke,1
sequences,1
knitting,1
needles,1
issued,1
33,1
xtianne,1
alphabet,1
bead,1
setmelissa,1
stringing,1
unhappy,1
objects,1
flatten,1
rabet,1
drawings,1
flowers,1
didcote,1
stirling,1
1966,1
leach,1
cheer,1
headers,1
reviewing,1
3product,1
eek,1
limb,1
disaster,1
ends,1
doomed,1
mandy,1
fashion,1
contemplated,1
comedy,1
mand,1
abbreviated,1
stingy,1
symbols,1
brass,1
fasteners,1
cohler,1
lettersnumbers,1
kay,1
sandham,1
artistic,1
belledee,1
kara,1
rigby,1
funmummy,1
davina,1
ttte,1
ds,1
reward,1
chart,1
cameron,1
prints,1
gripping,1
300gsm,1
hammered,1
coating,1
embellish,1
whiter,1
bil,1
framptonsnowy,1
makercrafter,1
millie,1
nadine,1
mohr,1
mounts,1
dug,1
travelled,1
barest,1
presentation,1
mounted,1
hangings,1
hasten,1
russelljones,1
painter,1
insufficient,1
notably,1
greens,1
novice,1
require,1
douglas,1
eighth,1
subaru,1
pale,1
donnab76,1
cultural,1
entwistle,1
chrissy,1
multicultural,1
bickerton,1
scrolling,1
gizmos,1
4year,1
keyboards,1
access,1
transformed,1
shahanara,1
alam,1
scrapbook,1
scrapbboking,1
regretted,1
planner,1
coraline,1
mimi,1
matches,1
amd,1
dome,1
harden,1
cclear,1
thru,1
catcher,1
katharine,1
kirby,1
cabin,1
unusually,1
humming,1
decorated,1
undressed,1
manned,1
raiders,1
lunchtime,1
exasperating,1
res,1
useable,1
misbehaved,1
compare,1
improved,1
appealing,1
piratical,1
olivarovich,1
seascape,1
undergarments,1
layers,1
neverland,1
stickiness,1
fairness,1
fibres,1
handful,1
twosided,1
a3,1
showing,1
beach,1
puffy,1
accoutrements,1
crabs,1
treasure,1
telescopes,1
swords,1
reposition,1
adhesive,1
unusable,1
outing,1
slayerkat,1
battymumma,1
ride,1
amuse,1
quirky,1
backgrounds,1
providing,1
infact,1
el,1
loro,1
narrative,1
preschoolers,1
lovemyboys,1
resembled,1
creativity,1
geoff,1
bayliff,1
kt23,1
sun,1
flops,1
wendyg,1
monthhold,1
donal,1
galligan,1
mccomb,1
anono,1
gelli,1
baff,1
watery,1
dissolver,1
recomend,1
tricia,1
brough,1
repaired,1
maynard,1
ample,1
combination,1
cali,1
inflatedeflate,1
conkie,1
monkeeee,1
67,1
inflssnle,1
precision,1
entire,1
livimum,1
casualties,1
enthusiastically,1
twelve,1
supersoakers,1
sunshine,1
southwick,1
anon,1
lesle,1
amin,1
ground,1
detatched,1
thankfully,1
mundies,1
attaching,1
leaking,1
loss,1
leak,1
denise,1
kendrick,1
measured,1
meindert,1
lamers,1
0x1,1
5x0,1
8x1,1
3x0,1
4m,1
valves,1
adapter,1
phillimore,1
plants,1
hendley,1
79,1
59,1
73,1
51,1
advertise,1
drain,1
artiss,1
compromise,1
pools,1
electric,1
bumpy,1
bump,1
draining,1
instantly,1
minion,1
pinklady,1
8yr,1
ciara,1
hare,1
mojo,1
authentic,1
fake,1
italia,1
coleen,1
greatorex,1
sink,1
distorting,1
rubbed,1
chlorine,1
meganrose,1
gimic,1
inthedark1,1
anarchy,1
bicep,1
metalcore,1
tats,1
unsuspecting,1
public,1
fails,1
roebuck,1
crease,1
illusion,1
nobody,1
tatoo,1
socking,1
mcshane,1
farrow,1
mcphee,1
dint,1
scrub,1
daugters,1
snazaroo,1
wharton,1
themes,1
bluetwirl,1
horrors,1
johns,1
stall,1
fete,1
myers,1
beds,1
charlie,1
searching,1
ascertain,1
whereabouts,1
ferocious,1
denizens,1
liberally,1
adorned,1
aforementioned,1
additionally,1
proletarian,1
banned,1
lodge,1
meetings,1
masonic,1
temple,1
explosion,1
ggs,1
colorful,1
wornby,1
alfred,1
dawson,1
hoot,1
executed,1
janko,1
bullet,1
muscular,1
endings,1
stink,1
dine,1
wrinkled,1
cuffs,1
guests,1
fool,1
sober,1
daylight,1
armsthe,1
generic,1
tone,1
tan,1
drawbacks,1
absolutley,1
buds,1
nightmare,1
faster,1
appliance,1
thumbs,1
tub,1
dominee,1
caulkett,1
luckly,1
bounce4fun,1
suppling,1
lent,1
tizard,1
queues,1
itlooked,1
itlots,1
glitters,1
conveniently,1
jaxylaxy,1
queenbee,1
recived,1
carnt,1
boyish,1
unisex,1
kingston,1
bathtime,1
kodama,1
mrserrol,1
mumof2,1
wmong,1
isobel,1
magill,1
applied,1
surgical,1
spirit,1
cochrane,1
supermansmallville,1
iconic,1
bryony,1
lst,1
emmerson,1
marvel,1
cnt,1
jase,1
steel,1
limm,1
birthay,1
rad,1
lulu82,1
gorilla,1
avril,1
ingram,1
nicos,1
dimopoulos,1
lived,1
malcolm,1
error,1
knocking,1
flanges,1
leaning,1
ruth,1
downing,1
analysing,1
bargains,1
whooooosh,1
recognition,1
recording,1
moreless,1
simpson,1
parnell,1
promply,1
tucker,1
gaza,1
blade,1
jc,1
bobh,1
scalextrix,1
ell,1
aid,1
arise,1
icon,1
lists,1
dpr,1
establish,1
icons,1
displayed,1
moniker,1
largely,1
efforts,1
starsjust,1
dwarfs,1
warnings,1
contacts,1
racing,1
stripe,1
explains,1
cornering,1
negate,1
rival,1
controllers,1
amend,1
nifty,1
differentiates,1
magnetising,1
wondered,1
rattycube,1
spoiler,1
throttle,1
launch,1
smash,1
detract,1
upto,1
manufactured,1
advise,1
consistency,1
connections,1
100x,1
outshines,1
incl,1
definition,1
stride,1
unpacked,1
blooming,1
kaput,1
laps,1
clappers,1
sleek,1
kd40,1
salty,1
jonesy,1
linno,1
walkera,1
250,1
runner,1
shark,1
fpv,1
stark,1
characteristics,1
raised,1
doubts,1
saving,1
adverse,1
affect,1
yzf1070,1
balancing,1
ov,1
thwy,1
thsn,1
dalton,1
mackness,1
norbury,1
thain,1
pistachio,1
silverback,1
modelscars,1
boats,1
reputable,1
retailer,1
ar610,1
receiver,1
defectivefaulty,1
recommendations,1
transmitters,1
thirdparty,1
receivers,1
units,1
marco,1
excelent,1
garton,1
600mah,1
duty,1
consumption,1
volt,1
nicad,1
supply,1
devices,1
cookie,1
andhave,1
impatiant,1
batterys,1
preformance,1
expectancy,1
lively,1
dangeroussuspect,1
remote,1
controlled,1
bulldozer,1
rampage,1
jw,1
nextday,1
romanowski,1
smoothly,1
nigel,1
frith,1
recharge,1
lats,1
tarmac,1
fixing,1
dmd,1
goetzaustin,1
clockmovements,1
clockface,1
spindles,1
ornate,1
aa,1
suggestion,1
bundle,1
planet,1
phil,1
pp,1
glh,1
derrick,1
functioning,1
unfortunatley,1
pitty,1
ba,1
corbettmills,1
dc,1
dawn,1
limitations,1
incorporated,1
intents,1
purposes,1
loosely,1
mash,1
encourage,1
armor,1
torso,1
glowing,1
elements,1
batsuit,1
losinglemo,1
highlighting,1
exclusive,1
enemies,1
slug,1
logically,1
muma,1
mia,1
matte,1
gunmetal,1
attachments,1
hairdo,1
flywith,1
jumper,1
92,1
fluorescent,1
rotating,1
launched,1
riaz,1
coincide,1
612,1
jump,1
attaches,1
tiddlywink,1
admired,1
armour,1
coolest,1
grappling,1
discs,1
focus,1
1520,1
brainer,1
wilkinson,1
thatcher,1
elsie,1
zero,1
verdict,1
nash,1
formula,1
rid,1
ensure,1
eesa,1
hussain,1
inevitably,1
album,1
switching,1
gina,1
panic,1
twinny,1
completion,1
sunnyb,1
swaps,1
trainer,1
stephen,1
yu,1
gi,1
barton,1
hanh,1
lu,1
nonfragile,1
wikipedia,1
competitively,1
viable,1
knowledgeable,1
metagame,1
faith,1
tips,1
guildines,1
explain,1
starters,1
randomness,1
kagetokage,1
goblindberghyour,1
exclusively,1
preexisting,1
tompkins,1
duplication,1
protable,1
ghostwolf69,1
missleading,1
snugly,1
wolf,1
moleskin2,1
moleskin,1
jumping,1
mutley2209,1
improvements,1
tournaments,1
user,1
suggestions,1
implemented,1
updates,1
reference,1
travels,1
nuno,1
fernandes,1
estimate,1
vearos,1
tokens,1
aaron,1
moses,1
pr0ject949,1
aspiring,1
gamer,1
eugene58,1
requirments,1
dictate,1
housewifeshopper,1
emailing,1
capri1,1
recall,1
exs,1
jimmy,1
mythical,1
meloetta,1
boosters,1
plasma,1
blast,1
exaulted,1
sigilyph,1
regigigas,1
frederick,1
fred,1
keldo,1
packswhich,1
zachary,1
ramon,1
summerfield,1
su,1
collected,1
tradingcollectable,1
a4,1
9card,1
dealer,1
gain,1
shineys,1
outstanding,1
tradingplaying,1
filmsy,1
protectors,1
suffer,1
competitor,1
syndrome,1
crisps,1
fingerprints,1
chemicals,1
harmful,1
bleach,1
acids,1
alkalis,1
karl,1
mcgowan,1
avakai,1
valued,1
ditchol,1
protector,1
father2,1
scratched,1
guilvn,1
os,1
sutton,1
hellawell,1
readalongwithsue,1
venue,1
goves,1
zuhra,1
haibatan,1
cg,1
turning,1
alwyn,1
quoted,1
commentators,1
sizer,1
exist,1
valve,1
squeezebend,1
flowing,1
gweniepennie,1
inflating,1
afloat,1
dispose,1
canisters,1
voices,1
mmmm,1
bop,1
courier,1
tigermummy,1
cylinder,1
mottie10,1
baloons,1
simona,1
anita,1
jellicoe,1
upside,1
partially,1
anett,1
bagged,1
sinead,1
minnie,1
sparklers,1
sliver,1
tryed,1
secs,1
flame,1
againthanks,1
ellice,1
janeyb,1
cynical,1
44yr,1
prides,1
glee,1
sparkling,1
sure1969,1
ventilated,1
gilbert,1
emerald,1
enought,1
lime,1
jukes,1
bbq,1
5th,1
conjunction,1
ros,1
kenny,1
lana,1
nat,1
pastel,1
sharpe,1
cleaver,1
clogs,1
efficient,1
gazzebo,1
decorationsgood,1
allvalerie,1
larabradford,1
ice,1
marbles,1
ballooned,1
jamie100chill,1
70,1
moncom,1
tied,1
bunches,1
molly,1
tuck,1
goodall,1
carlton,1
bursting,1
selina,1
helgaball,1
heidi,1
hammer,1
shaw,1
apalling,1
refunded,1
goodwill,1
gesture,1
reiterate,1
purchases,1
lewis,1
waitrose,1
talbot,1
vibrating,1
membranes,1
yogophones,1
instruments,1
liable,1
stretched,1
mcintyre,1
46,1
stamping,1
beth,1
deflate,1
cerise,1
padbury,1
replied,1
stephanieanne,1
lilley,1
joey,1
tha,1
pearson,1
niccie,1
lightfoot,1
arooj,1
sponge,1
glenda,1
howe,1
dragged,1
3stars,1
devastated,1
died,1
moorebevan,1
sneha,1
itsa,1
70th,1
proved,1
husbands,1
29th,1
glover,1
abi,1
spontaneously,1
21st,1
alpa,1
nailartlover,1
fills,1
lip,1
balm,1
tasted,1
smelled,1
dupuy,1
sara,1
fender,1
georgie17891,1
oval,1
naan,1
bread,1
chainsaw,1
tobias,1
munch,1
ridiculous,1
fulfilled,1
obtain,1
bedford,1
fitsperfectly,1
hampstead,1
mackem,1
throwaway,1
hawaii,1
carolyn,1
rogerdodger1946,1
fancydressed,1
staff,1
44,1
breath,1
twigs,1
adequately,1
fasten,1
function,1
obliged,1
preserve,1
modesty,1
shoirt,1
sixties,1
million,1
dollars,1
pansy,1
lin,1
summerell,1
live,1
arises,1
kittkatt,1
creased,1
ruff,1
ordinary,1
ballyb12,1
ageing,1
julesnbud,1
gruberski,1
dracula,1
hristine,1
uneven,1
areas,1
catriona,1
kirsty,1
dodgin,1
jessbl,1
6ft,1
trouser,1
odour,1
conscious,1
whiff,1
dampers,1
returns,1
star55,1
ltd,1
purchaser,1
50th,1
kirstie,1
sweaty,1
daved,1
accuate,1
1012,1
weefin,1
touches,1
hairdressing,1
reflects,1
twee,1
puffs,1
knee,1
chiffon,1
oversleeves,1
join,1
velvet,1
brocade,1
pinky,1
silky,1
snug,1
garment,1
62,1
trail,1
sansby,1
banquet,1
queen,1
nichole,1
viola,1
twelfth,1
fancydress,1
headress,1
mtrs,1
rommy,1
5ft,1
8inches,1
seam,1
alterations,1
needle,1
okish,1
snagged,1
cudd,1
saidvery,1
rips,1
louiejack1,1
arrives,1
colourfull,1
maude,1
grandaughters,1
dilivery,1
discription,1
56,1
xs,1
sutherland,1
3xl,1
ostrich,1
eilish,1
sagged,1
duracell,1
boss,1
dom,1
templey,1
anonymous,1
thebush13,1
inflates,1
skilton,1
waist,1
bullen,1
jacket,1
pouch,1
opposuit,1
lining,1
tailored,1
misty,1
grey,1
160cm,1
avidreader,1
cosplay,1
leavers,1
nocosplay,1
inspired,1
squiddy577,1
rotund,1
fleecy,1
popper,1
flopping,1
amazingly,1
finest,1
cold,1
america,1
shion,1
fiancs,1
actuall,1
materialfur,1
steal,1
sophied,1
mel,1
changing,1
criteria,1
vic2711,1
handwashed,1
wearable,1
dingerbell55,1
mor,1
misrepresentative,1
bongiovisgirl,1
region,1
slit,1
climb,1
stays,1
flared,1
annoys,1
misrepresented,1
lochness,1
weekend,1
bouncy,1
810,1
9101011,1
melinda,1
hagan,1
nanna,1
trooper,1
rescue,1
shazza,1
walks,1
butserves,1
suitably,1
maeve,1
corey,1
jade,1
collins,1
stickle,1
wknd,1
butlins,1
tbh,1
excpecting,1
outfancy,1
daire,1
muiri,1
therightstuff,1
joseph,1
mouldy,1
patches,1
removable,1
glasto,1
replicas,1
stormtrooper,1
rifle,1
vibration,1
relative,1
renting,1
strippy,1
mariejose,1
watkins,1
pairs,1
unfortunetaly,1
deez,1
witches,1
4ft,1
passed,1
labelled,1
evidently,1
abigail,1
rolled,1
dis,1
mid,1
calf,1
replacements,1
outift,1
forms,1
cirque,1
sinister,1
poiret,1
compfortable,1
soxi1,1
minder,1
doyles,1
rs,1
doyle,1
capri,1
mk3,1
philip,1
ash,1
fanmade,1
christmasfantastic,1
severnak,1
packham,1
signals,1
humore,1
rovers,1
landrover,1
trainset,1
layoutstoo,1
wargaming,1
diaramas,1
diffrent,1
armies,1
aprt,1
rick,1
skadorwa,1
sites,1
arnie,1
passenger,1
57,1
creates,1
rides,1
daibach,1
telboy,1
correspond,1
locating,1
locations,1
modeller,1
enhanced,1
weathering,1
spike,1
ajc,1
walamma,1
othman,1
builts,1
handsome,1
tozer,1
oo,1
follows1,1
bulk,1
starved,1
expertise,1
marilyn,1
brien,1
german,1
towns,1
villages,1
juliemae,1
wragg,1
duplications,1
perseverence,1
ray,1
unmade,1
overcome,1
stones,1
realism,1
soldiers,1
scxene,1
laserdude,1
ww2themed,1
troops,1
tamiya,1
featuring,1
styrenebased,1
holdings,1
campbell,1
pluto,1
goofy,1
peta,1
barber,1
batchelor,1
skipped,1
ioni,1
finlay,1
albeit,1
assumed,1
choir,1
celeb,1
slape,1
partythey,1
membersarrived,1
transit,1
deffinitely,1
ty,1
pointed,1
sassy56,1
megamama,1
placement,1
favours,1
predicament,1
shipment,1
straightaway,1
tucked,1
bins,1
parveen,1
sits,1
girlsboys,1
lez,1
doolan,1
theyre,1
arguing,1
drinks,1
maz,1
continued,1
beak,1
dent,1
twj,1
countbluedogstringthat,1
jix,1
eyecatching,1
surely,1
survive,1
drawer,1
hodson,1
raven,1
noyes,1
fludde,1
brilliantly,1
banks,1
feathers,1
kek,1
feather,1
desired,1
jacqueline,1
mutleys,1
net,1
wheeler,1
haveing,1
hedghog,1
rectified,1
facial,1
closer,1
rendering,1
sneekly,1
homeeducated,1
relations,1
theatre,1
tommy,1
sketch,1
grownup,1
embroiled,1
strain,1
critical,1
hindrance,1
johnny,1
bruno,1
beckham,1
galloway,1
andyl,1
cmck,1
stress,1
mounting,1
mcgill,1
giraffes,1
tiger,1
creigner,1
eight,1
hazards,1
beige,1
colourpairing,1
giggles,1
lilypad,1
2day,1
ruffy,1
007,1
eejibeegis,1
connery,1
undertaking,1
roles,1
afilly,1
noted,1
krisy,1
westwood,1
requests,1
brooks,1
pring,1
buttercup,1
tomorrow,1
crichton,1
wolverine,1
lola,1
fiances,1
stag,1
stuart,1
blurred,1
pixelated,1
webster,1
britain,1
talent,1
spoof,1
theresa,1
bealzeepub,1
wandering,1
pensioners,1
bolt,1
francesco,1
piccinini,1
kitkat,1
ridley,1
bernard,1
worcester,1
increased,1
bruder,1
lowson,1
huskies,1
husky,1
donna,1
franks,1
siege,1
excalibur,1
pity,1
seige,1
william,1
medievel,1
pla,1
complaint,1
filthy,1
mrrs,1
braverman,1
princessobsessed,1
disppointing,1
ailie,1
everytime,1
improve,1
substance,1
millen,1
envisaged,1
regretful,1
neices,1
pk,1
arty,1
sacha,1
pororo,1
topper,1
tbarr,1
smurfett,1
smurfs,1
author,1
doubled,1
choo,1
overexcited,1
tomo,1
arriving,1
iris,1
uncle,1
goodwin,1
ongoing,1
mater,1
tales,1
pinder,1
perris,1
purdi,1
malcissy,1
lay,1
floors,1
seriously,1
laminated,1
sweetthing,1
canlay,1
tme,1
markus,1
nephen,1
hurt,1
withit,1
treats,1
cawte,1
spillages,1
wj,1
extensive,1
rosso,1
1234jmt,1
hopes,1
patchy,1
sealing,1
undercoat,1
sunk,1
travelling,1
potts,1
flaked,1
effected,1
lawtonbrowne,1
toystore,1
afterwards,1
suki,1
welsh,1
brothers,1
brrmm,1
brmm,1
mrsteve77,1
playmat,1
oppose,1
invent,1
scenarios,1
indestructible,1
deadly,1
somebody,1
gr8,1
annamarie,1
taste,1
batmobile,1
keane3117,1
clunky,1
fuselage,1
propellers,1
austerberry,1
owe,1
freedom,1
brave,1
pilots,1
flew,1
ranger,1
dh,1
fb,1
mkv1,1
hurlston,1
superbly,1
fighter,1
titherley,1
law,1
sonia,1
antingham,1
michele,1
16cm,1
beaware,1
thinl,1
16cms,1
jose,1
walsh,1
crossing,1
ireland,1
music,1
allison,1
strap,1
4month,1
babys,1
munchkin,1
sarahjayne,1
theres,1
tess,1
bartogem,1
toowas,1
cigarette,1
opeyemi,1
distract,1
massey,1
iddis,1
predict,1
squeeks,1
hallway,1
proclaiming,1
resonably,1
beating,1
rikninja,1
acting,1
video,1
doubtful,1
honesty,1
granted,1
squeaker,1
expressive,1
personal,1
trimmed,1
heheh,1
8months,1
fenwicks,1
debenhams,1
boohoo,1
squeeker,1
hilarious,1
named,1
gak,1
biught,1
adrin,1
vergel,1
celis,1
drop,1
fluffy,1
neetie,1
warner,1
playwith,1
eat,1
mercia,1
sack,1
janet,1
tranter,1
wise,1
lily,1
prince,1
arthriticy,1
glove,1
darren,1
grew,1
tantalising,1
dismay,1
opperate,1
gutted,1
believes,1
console,1
unwrapped,1
ns,1
giggled,1
gobo,1
hugkissteething,1
chew,1
nose,1
36,1
stanyer,1
fraggle,1
programme,1
wembley,1
fonechick,1
harming,1
distraction,1
fidgeted,1
segments,1
fiddle,1
focused,1
twiddlers,1
nee,1
gizmo,1
twiddly,1
teachers,1
fidgeting,1
twiddler,1
teens,1
fiddlers,1
tangle,1
zed,1
xx,1
lester,1
inserts,1
bustaclay,1
bonner,1
dolphins,1
debbswrx,1
sharks,1
kh1904,1
sarah28,1
hints,1
jojo,1
fidgety,1
gillyhc,1
confuse,1
goodness,1
enid,1
blyton,1
channel,1
descendants,1
smartphones,1
laptops,1
villains,1
halfindian,1
tomboy,1
jyoti,1
californian,1
supposedly,1
college,1
tycoon,1
adventureloving,1
tooty,1
rt,1
toilet,1
billson,1
smallest,1
daniella,1
puzzled,1
countrystyle,1
holographic,1
metres,1
separated,1
patterson,1
events,1
amac,1
chalk,1
altogether,1
thepicks,1
hawaiin,1
yvette,1
rosedobney,1
laws,1
frannybabe,1
cocktail,1
tropical,1
ticket,1
jh,1
deco,1
buzz,1
lightyear,1
toystory,1
mill,1
message,1
mattered,1
beasley,1
walls,1
offset,1
hazel1959,1
squnkymum,1
blondemoment,1
burns,1
aging,1
romantic,1
taped,1
rickard,1
100th,1
powell,1
pm,1
farrar,1
hallows,1
pefectwill,1
birthdaywould,1
emma1978,1
dannii,1
blinco,1
ribbon,1
conservative,1
griffiths,1
shabby,1
glitz,1
understated,1
bash,1
pub,1
sehne,1
connecting,1
tightly,1
hale,1
nano,1
mcveigh,1
dining,1
ana,1
verity,1
brun,1
compromised,1
shadwell,1
fastened,1
fence,1
colleague,1
ollason,1
oxfor,1
decorative,1
preparation,1
york,1
patrick,1
horgan,1
andyarry,1
argue,1
hugely,1
chuck,1
permanent,1
st,1
trang,1
ogilvie,1
baden,1
birthdaythe,1
cazwearn,1
indoor,1
doorway,1
slightest,1
detangle,1
kaffyfox,1
stringed,1
missbtch1973,1
ravel,1
winder,1
undamaged,1
bentcreased,1
boisterous,1
sears,1
pach,1
sparkle,1
doorways,1
knotty,1
unwound,1
curtain,1
peters,1
vix,1
cheryl,1
trusted,1
knotting,1
dissatisfied,1
bauble,1
droops,1
swirl,1
needless,1
dissapointment,1
l200911,1
rd,1
twirly,1
birthdays,1
cazzie,1
brightened,1
aundria,1
hanna,1
howdy329,1
satisfiedcustomer,1
bickie,1
71,1
guyfawkes,1
purple,1
internet,1
jodie,1
irthday,1
nighmare,1
celebrating,1
icecubeelf,1
overprized,1
thornton,1
subjects,1
jeans,1
pence,1
olamide,1
burnswaterman,1
depicts,1
kayleigh,1
mclaughlin,1
stefanie,1
pics,1
parfenie,1
lynda,1
senior,1
hoy,1
izian,1
lacking,1
vanilla,1
grows,1
kip,1
andi,1
itroduced,1
geeky,1
copy,1
bjw,1
chaotic,1
playthank,1
simplify,1
fluxxtastic,1
basement,1
helter,1
skelter,1
nature,1
lomax,1
lad,1
em,1
trums,1
meets,1
requirement,1
hindmarsh,1
errors,1
pike,1
forty,1
sixty,1
reminded,1
childhool,1
alfie1,1
mathlukin,1
european,1
wizards,1
deckboxes,1
unsleeved,1
esp,1
walbert,1
ffa,1
phyrexia,1
coalition,1
ultimately,1
origins,1
clash,1
jace,1
vraska,1
complexity,1
befuddle,1
confident,1
13years,1
claims,1
rymer,1
introduction,1
compliment,1
strengths,1
weaknesses,1
messing,1
agonizing,1
sideboard,1
wilkes,1
illustrated,1
mumoftwo,1
hilton,1
twiggy,1
tardieu,1
rochg,1
paced,1
twists,1
rounding,1
reversing,1
engaginghowever,1
winning,1
opportunities,1
haveoverall,1
satisfying,1
loot,1
ratatat,1
moreorless,1
addictive,1
combines,1
mythology,1
math,1
requested,1
34,1
restaurantsairports,1
rat,1
displaced,1
juice,1
monkeys,1
uninteresting,1
secondary,1
teacher,1
manages,1
independently,1
histories,1
strategically,1
reluctant,1
learner,1
numberbonds,1
progress,1
targets,1
primary,1
sequence,1
links,1
lou,1
mathermatics,1
subtractiing,1
relovant,1
reinforcing,1
session,1
qa,1
erin,1
nev,1
xyz,1
alexander,1
dowling,1
promos,1
scorgie,1
terible,1
haha,1
peder,1
hersleb,1
bernie,1
chatwin,1
plasticy,1
dense,1
internal,1
restarting,1
wightman,1
morrishinki,1
doh,1
recipe,1
pewter,1
bronze,1
plastici,1
atticgear,1
tinat,1
rarer,1
lord,1
fellowship,1
99p,1
ndzhai,1
kawa,1
shake,1
daveb,1
tsatsaris,1
plated,1
remotely,1
horrified,1
silvergun,1
thunderbirds,1
jacq,1
bronte,1
superglue,1
evenings,1
gizzy,1
chips,1
sohal,1
thursday,1
monday,1
ardnas,1
lotta,1
asp,1
reissued,1
blame,1
originators,1
passions,1
fad,1
passing,1
carmichael,1
rugby,1
shoped,1
catty,1
larry,1
lisalashes,1
splattered,1
clipped,1
edward,1
spencer,1
annie,1
clarabel,1
cabs,1
exit,1
docks,1
tidmouth,1
sheds,1
knapford,1
unclip,1
faff,1
consequently,1
satisfactorily,1
knocked,1
connect,1
sodor,1
momentum,1
kris,1
shillinglaw,1
cason,1
waldekski,1
118,1
wallace,1
forsyth,1
b10,1
omnivrse,1
rook,1
tanekaha,1
greatful,1
omniverse,1
rawes,1
ben10,1
ianj,1
mamawii,1
invasion,1
johnson,1
fortunately,1
conquers,1
clare1724,1
embarrassed,1
scruffy,1
insisted,1
mc,1
dented,1
bobble,1
crumpled,1
11yearold,1
squirrels,1
gang,1
clubhouse,1
cbeebies,1
permanently,1
plinth,1
hazard,1
lacardouille,1
carla,1
hughes,1
tia,1
faults,1
deflates,1
letting,1
squeezed,1
defects,1
escape,1
squeezing,1
bp,1
nicley,1
surprirsed,1
triceyit,1
anda,1
horns,1
ot,1
chirpychick,1
titled,1
emilia,1
bland,1
kaki,1
moneys,1
providers,1
kariskeilin,1
aswell,1
designated,1
corner,1
910,1
dinasaurs,1
smyths,1
google,1
pooka,1
dinosaurcrazy,1
hug,1
selfprotection,1
parental,1
clocked,1
stafford,1
squashy,1
rexs,1
rai,1
trade,1
descriptions,1
act,1
bayley,1
spindly,1
reviewed,1
brachiosaurus,1
sauropods,1
funnylooking,1
flippers,1
insubstantial,1
mosasaur,1
discreet,1
victorian,1
reconstructions,1
prehistoric,1
reptiles,1
debbiep,1
paperbackwriter101,1
ellissa,1
jim,1
hensons,1
tomy,1
shy,1
thinnest,1
limbs,1
texture,1
glossy,1
blend,1
unpainted,1
affix,1
jaw,1
frankensteinesque,1
majority,1
sloppy,1
pivots,1
flash,1
spanish,1
enables,1
sfx,1
mode,1
yawn,1
giggle,1
buttons,1
snore,1
briefly,1
interacts,1
sings,1
billiejo,1
jenni,1
fox,1
dino,1
dex,1
talks,1
britten,1
utterly,1
deluge,1
ned,1
oates,1
mar30,1
herbavours,1
longed,1
continue,1
fern,1
fussy,1
kellyb,1
sends,1
ellie,1
rex,1
brontasaurus,1
theses,1
everybody,1
ewm,1
prechristmas,1
longnecked,1
herbivores,1
reeree,1
friendly,1
smiling,1
proud,1
foe,1
activity,1
ger,1
pouring,1
tkeep,1
gill,1
reuseable,1
bella,1
crockett,1
stapleton,1
ford,1
engagement,1
betty,1
august,1
anniversary,1
maudsley,1
iles,1
da,1
graca,1
camara,1
batista,1
campion,1
vampy,1
starsthis,1
triangle,1
scragglyi,1
discounted,1
gher,1
faux,1
backyard,1
hindmarch,1
driscoll,1
bridal,1
becka79,1
ruined,1
wakelin,1
matthams,1
bacchus,1
ruby,1
freeman,1
phoenix,1
denmead,1
keegans,1
danielle,1
shell,1
jonathan,1
tiffany,1
soriano,1
sanchis,1
mt,1
triangler,1
sandrine,1
bessiere,1
squared,1
triangles,1
cylinders,1
lunchbox,1
specifications,1
headless,1
spectacular,1
markie,1
slotted,1
barnes,1
baterangs,1
noticing,1
pinktaxi,1
nessie,1
twin,1
beanz,1
wands,1
voldermort,1
espically,1
hary,1
lyndajane,1
voldemort,1
alongside,1
8foot,1
mutant,1
rybakrajewski,1
nonspecific,1
meh,1
necessity,1
tmnt,1
descent,1
ashton,1
stacey27elliott,1
rowell,1
sienf,1
compatible,1
dart,1
flick,1
sellar,1
andrewglass2010,1
servise,1
newman12,1
articulated,1
luminous,1
lump,1
kawesi,1
lantern,1
jackyqi,1
hello,1
stefan,1
quadarms,1
struggle,1
jut,1
prepare,1
christmasbirthdays,1
lilou56,1
coloring,1
coulour,1
nova,1
creations,1
bertucci,1
dampier,1
prezzie,1
scotslass,1
suffice,1
rubbing,1
browning,1
operation,1
6weeks,1
35degrees,1
majorly,1
clipboard,1
recipients,1
lamb,1
brewer,1
jayebird,1
scratch,1
lyra,1
stylus,1
paler,1
brake,1
mooshken26,1
galore,1
barbara,1
holyoake,1
penpencil,1
je,1
glossop,1
solene22,1
lynes,1
affixed,1
bluewhite,1
tack,1
inboard,1
absurd,1
eec,1
directive,1
failures,1
gears,1
retro,1
stevea,1
tac,1
essential,1
nonwriting,1
frustration,1
housings,1
warp,1
ought,1
occurs,1
biggest,1
eeeee,1
eck,1
bookcat,1
vital,1
housed,1
compresses,1
warping,1
warped,1
notches,1
meet,1
leading,1
simplest,1
largermedium,1
userstretched,1
hasbrokahootz,1
cogs,1
sharyn,1
involve,1
aitchyb,1
faultless,1
ssatisfaction,1
casundara,1
mandalas,1
professional,1
fewer,1
unreasonable,1
produce,1
quickdrying,1
whom,1
inner,1
avoided,1
producers,1
redesigning,1
obsolete,1
programs,1
sparse,1
cornishgal,1
kerrigan,1
annette,1
prezzy,1
thisapart,1
impact,1
misled,1
blatantly,1
lie,1
beforehand,1
miller,1
skittle,1
promotion,1
marker,1
wouldstay,1
karenm,1
nonpermenant,1
traces,1
clare,1
haynes,1
blocked,1
dig,1
jb,1
unstable,1
dishwash,1
oops,1
carleen,1
warwick,1
personalized,1
heat,1
cups,1
ceramic,1
eggs,1
caitlin,1
champion,1
nicholds,1
beatufully,1
charming,1
subterfuge,1
dresden,1
althought,1
insides,1
task,1
invade,1
neighbouring,1
suspect,1
ashaidaus,1
collums,1
fallenangelsam,1
marge,1
bentovim,1
prams,1
tea,1
grow,1
caring,1
expression,1
zips,1
wilford,1
rattlebones,1
developers,1
aiming,1
midlevel,1
cashing,1
outcome,1
affected,1
ability,1
customise,1
swapping,1
actions,1
established,1
throws,1
forerunner,1
customising,1
implementation,1
gameplay,1
foul,1
peeve,1
organisation,1
slung,1
disks,1
disliked,1
extent,1
replayable,1
elegant,1
sneaky,1
lands,1
decide,1
custom,1
tactical,1
3yearold,1
kathleen,1
teaches,1
seonaid,1
7th,1
begging,1
pleading,1
unimpressive,1
justify,1
mighty,1
memorable,1
questionable,1
splits,1
towerpalace,1
throne,1
blaster,1
finely,1
forearm,1
leia,1
boushh,1
bounty,1
rotj,1
weapon,1
thermal,1
detonator,1
oola,1
dancer,1
carbonite,1
bobba,1
fetts,1
slave,1
bib,1
fortuna,1
figs,1
omara,1
monk,1
salacious,1
crumb,1
gamorrean,1
picard,1
lovehate,1
flawed,1
merely,1
squeeze,1
realistically,1
earned,1
entitled,1
discounts,1
starbucks,1
discuss,1
cornerstone,1
remarkable,1
dingy,1
atmosphere,1
connected,1
technics,1
tighter,1
oneeyed,1
greets,1
c3po,1
r2d2,1
latest,1
suddenly,1
designers,1
faithful,1
gamorian,1
vast,1
defend,1
rebo,1
119,1
frankly,1
89,1
80,1
downs,1
lite,1
brix,1
bricksit,1
chel5507,1
ellen,1
vinoba,1
moorthy,1
sammons,1
ca1083,1
bushby,1
millar,1
vastly,1
assortment,1
poppy,1
niobais,1
squinkies,1
trans,1
soccerstarz,1
equivalent,1
penetrating,1
mazy,1
dribble,1
blazingtheballoverthebar,1
finale,1
putative,1
pronounced,1
chin,1
bod,1
blondbrown,1
combo,1
sported,1
neyyyymar,1
gaz,1
superstar,1
brazil,1
lighting,1
camp,1
nou,1
guysmes,1
que,1
hills,1
12yr,1
barcelona,1
substituted,1
viner,1
langer,1
foster,1
punctures,1
colette,1
lynch,1
laing,1
scarlett,1
flys,1
wonderfull,1
huggins,1
sls,1
crashing,1
fibre,1
struts,1
splintered,1
responsive,1
temperamental,1
fluctuating,1
gerat,1
fairclough,1
vids,1
youtube,1
assume,1
opposed,1
significantly,1
ewa,1
zadeh,1
pajm,1
results,1
tiggy,1
1010,1
ursula,1
raphael,1
pretending,1
mow,1
peaches,1
84,1
lilliput,1
debi,1
lizhs,1
flips,1
clicker,1
vassa,1
pretends,1
cutting,1
memory,1
patten,1
mowers,1
mowing,1
lloyd,1
hq,1
creation,1
kergon,1
jr999,1
personalise,1
leanne,1
january,1
summary,1
oneoff,1
investment,1
gym,1
tots,1
nylon,1
crinkle,1
hasnt,1
ripping,1
fitmiss,1
feeble,1
tore,1
wouldnt,1
rigorous,1
domestic,1
walshaw,1
parashute,1
church,1
judy,1
strawson,1
rm,1
jury,1
milan,1
mood,1
burnett,1
fibreglass,1
3k,1
lighter,1
rails,1
thinner,1
8mm,1
70mm,1
10mm,1
dia,1
60mm,1
pitch,1
stringer,1
multirotor,1
davyg,1
hexacopter,1
jeary,1
mcbride,1
resin,1
aero,1
sopwith,1
tri,1
spitfire,1
relaxation,1
compelling,1
glace,1
hated,1
formers,1
buckled,1
keilcraft,1
rigours,1
asexpected,1
63,1
presebt,1
goode,1
porthgwarra,1
pasty,1
muncher,1
birth,1
tiniest,1
pressy,1
opted,1
90,1
puzzleball,1
bmsbongo,1
displays,1
baines,1
realizing,1
jumbo,1
mystery,1
glenn,1
agreement,1
deserve,1
butthe,1
clue,1
gardener,1
marriage,1
groom,1
shocked,1
aproaching,1
discovering,1
gradually,1
revealed,1
solve,1
volume,1
1wasgij,1
3what,1
defeating,1
edmund,1
blackaddernow,1
attractions,1
wasjigs,1
zooming,1
greece,1
despatched,1
unusualwasgij,1
ley,1
understood,1
gravener,1
sen,1
psych63,1
boddington,1
itis,1
australia,1
planes,1
crophopper,1
approx,1
12cm,1
8cm,1
5cm,1
yentob,1
chipping,1
reaaly,1
mj,1
49,1
toymaster,1
stores,1
harvey,1
promtly,1
dumbarton,1
tiredoldgit,1
solidity,1
tolerable,1
pheonix,1
minilovers,1
matchboxsized,1
sundried,1
khaki,1
samitabh,1
jmh,1
shakeer,1
k1tt3n,1
flatbed,1
whistler,1
southampton,1
whirlwind4143,1
duff,1
onei,1
amazonian,1
chassis,1
chutes,1
corkscrew,1
revell,1
148,1
clark,1
websites,1
alanar,1
gerald,1
mallia,1
boxer,1
scroggs,1
niggles,1
molding,1
oddrubber,1
bonded,1
eitherpastic,1
spruethis,1
ammount,1
shaping,1
smoothing,1
joints,1
glueit,1
communcation,1
kresten,1
kjr,1
jeppesen,1
brio,1
copies,1
novara,1
presume,1
unlucky,1
benny,1
whatafind,1
corrine,1
faye,1
wolfies,1
concealed,1
carroll,1
caterpillar,1
barnard,1
producted,1
chuggingtons,1
saxby,1
tony,1
stone,1
j9,1
hiscock,1
scramblertrax,1
quad,1
amberanne,1
mspod,1
shoot,1
portray,1
amanda70,1
debated,1
vague,1
skaters,1
flicking,1
skate,1
knack,1
skating,1
ursadee,1
stricture,1
habit,1
skates,1
flexible,1
concertit,1
halves,1
fragility,1
posterior,1
poly,1
mics,1
singing,1
catchy,1
represents,1
anticipation,1
banished,1
playroom,1
alwaysonthego,1
funi,1
offerquick,1
realish,1
eyelashes,1
irritated,1
njt,1
floppy,1
wilbur,1
notley,1
adorn,1
dedicated,1
cancer,1
angel,1
outlets,1
alexandria,1
unwell,1
kisses,1
annsamerica,1
outjngs,1
natalia,1
mazepa,1
handmade,1
bloomers,1
hospital,1
hadnt,1
dolly,1
juliettiger,1
median,1
burse,1
gavin,1
vaughan,1
lesser,1
describe,1
softer,1
thalles,1
fist,1
wrongly,1
curled,1
defect,1
tummy,1
besides,1
fella,1
yours,1
sl,1
weir,1
downey,1
vile,1
anxious,1
considerable,1
purchasers,1
stitched,1
fury,1
spelling,1
mistakes,1
peculiar,1
text,1
reads,1
animaion,1
skg,1
dresm,1
copyright,1
symbol,1
dreemworks,1
animetion,1
deliberate,1
predicted,1
relief,1
tags,1
petra,1
snipped,1
pinned,1
arcade,1
wary,1
kds,1
priscess,1
annlue,1
sweeter,1
manhattan,1
urszula,1
renata,1
treebie,1
technically,1
legosized,1
bf,1
occassions,1
classy,1
packwrap,1
outraged,1
familiar,1
manikin,1
lyons,1
muir,1
wearingusing,1
assossories,1
nosy,1
nameget,1
shopkins,1
nelson,1
leobartlet,1
decently,1
horror,1
commonly,1
freddy,1
jason,1
finishes,1
cracks,1
5star,1
inspected,1
dispappoint,1
coz,1
dare,1
nuts,1
bundles,1
pure,1
funko,1
distilled,1
essence,1
effigies,1
films,1
hutton,1
holloran,1
jumped,1
grimmy,1
ashley,1
killen,1
nanunanu,1
oap,1
jaye,1
rocketgirl,1
warn,1
buyers,1
flood,1
screen,1
expense,1
helicopter,1
jupiter,1
lcy,1
ocean,1
helipad,1
chalky,1
burden,1
tab,1
baxter,1
rintoul,1
wellpackaged,1
palir,1
bru,1
unsupervised,1
cay,1
overseas,1
jardine,1
macdonald,1
barn,1
hippo,1
cow,1
bunny,1
ludlow,1
mixture,1
jungle,1
vickiwebb,1
19th,1
gardenerjake,1
handling,1
breakagesprobably,1
143,1
industrial,1
wartime,1
510,1
amos,1
ha,1
kidon,1
maintenance,1
setup,1
utilize,1
quibble,1
breakages,1
wilkin,1
italeri,1
135,1
cent,1
basket,1
hindsight,1
rhiannon,1
dubious,1
mouths,1
karina,1
cash,1
aimeeleigh,1
swipe,1
notes,1
draw,1
beep,1
zilli,1
beeping,1
euros,1
sterling,1
wiki,1
scanning,1
airevaj,1
alicia,1
mabey,1
france,1
kitemark,1
recklessspirit,1
unsure,1
kitemarksbeen,1
eu,1
pothecary,1
lesterkirsty,1
mckenzie,1
adjustable,1
eley,1
mane,1
replicates,1
60th,1
bakerart08,1
lh,1
reconsidered,1
tailgate,1
eric,1
blackman,1
disfigured,1
gallear,1
bound,1
bug,1
enthusiasts,1
webb,1
torra,1
scotia,1
sports,1
peace,1
woohoo,1
cai,1
kimberley,1
collectable,1
certificate,1
scottlawson,1
blossom,1
wallpaper,1
easiest,1
buckingham,1
misery,1
guts,1
stages,1
mushrooms,1
cl,1
bryn,1
nerds,1
andromeda,1
descendent,1
comments,1
katie123,1
plumped,1
lavery,1
itwell,1
katiee,1
hooks,1
valpatch,1
abit,1
stansbury,1
stevens,1
furniture,1
undertake,1
lightly,1
elaborate,1
sophisticated,1
marvelous,1
spender,1
graduated,1
moan,1
minded,1
schedule,1
cannons,1
harpoon,1
ropes,1
attacking,1
slim,1
criticise,1
chairs,1
hammock,1
playmobile,1
southgate,1
ahoy,1
clk,1
viki,1
adventures,1
piper,1
vickik,1
welcome,1
mh,1
scraped,1
fiveplusone,1
hideout,1
transports,1
srl,1
critism,1
correctly,1
cowan,1
nieces,1
pullen,1
les,1
frogs,1
endless,1
latto,1
carrycase,1
houses,1
sleepover,1
ella,1
mcdermott,1
goodies,1
newcastle,1
retrieving,1
canonball,1
gadget,1
mend,1
violet,1
boylan,1
completly,1
lying,1
pulls,1
swallowed,1
hooo,1
petre,1
onesizefitsall,1
barker,1
romans,1
gladiators,1
blind,1
related,1
godchildren,1
num,1
awsome,1
rosie,1
tara,1
celestia,1
smillie,1
starfish,1
deployed,1
separates,1
trimming,1
strut,1
hinge,1
attempt,1
repaint,1
closing,1
scrape,1
recedes,1
modeled,1
kitted,1
engineers,1
maintain,1
locks,1
antipursuit,1
lasers,1
alderson,1
ffg,1
listened,1
dimension,1
unfairly,1
lambasted,1
evade,1
tweaked,1
grisdale,1
upgrade,1
lambda,1
wing,1
catches,1
clicks,1
attwood,1
respects,1
newcombe,1
rapid,1
upgrades,1
broaden,1
scope,1
sagey91,1
weresonic,1
annable,1
ignore,1
js,1
hawkins,1
informed,1
humbrol,1
communicator,1
wand,1
phaser,1
francis,1
essex,1
comunicator,1
chirp,1
mortified,1
ness1,1
spastic,1
bufalo,1
speech,1
apologetic,1
phrasing,1
unaware,1
rice,1
educative,1
offers,1
angelique1985,1
spectrum,1
innotab,1
marie,1
euro,1
toyshop,1
fir,1
radical,1
adee,1
rangers,1
samurai,1
disc,1
cycle,1
dora,1
jointly,1
transformer,1
aggressive,1
sales,1
technique,1
findlay,1
fisher,1
zombie,1
patrizio,1
barici,1
janetg,1
rotten,1
laughed,1
112th,1
unpack,1
workers,1
folks,1
radio,1
human,1
exton,1
containinga,1
lenticular,1
lipman,1
winwin,1
bloke,1
sandy,1
toksvig,1
ann,1
parry,1
happiness,1
supose,1
jorge,1
susie,1
crack,1
damon,1
hicks,1
shot,1
alley,1
insead,1
baterang,1
ejw,1
theonehammer,1
charmaine,1
domino,1
leslie,1
neville,1
flett,1
od,1
ore,1
markers,1
inspecting,1
adrius42,1
carole,1
trevor,1
cathyg,1
upgrading,1
tray,1
nobbly,1
fading,1
obvioulsy,1
aunt,1
ugly,1
tatty,1
mismatched,1
triples,1
unnecessarily,1
manipulate,1
reinventing,1
consult,1
depressing,1
realize,1
sliding,1
spoiling,1
gamehad,1
pixie81,1
swivels,1
manly,1
diminished,1
gloss,1
repeatedly,1
click,1
batch,1
instructionsrules,1
quaility,1
foolishly,1
easilyit,1
luxurious,1
setit,1
highlyfinished,1
woodeffect,1
framed,1
lifts,1
cornersall,1
highest,1
pathetic,1
express,1
buster,1
40years,1
suberb,1
abeautiful,1
securely,1
gaisford,1
wowed,1
tacks,1
owned,1
elderly,1
residents,1
viewing,1
orchid,1
horribly,1
watts,1
yearold,1
dazzling,1
array,1
desirable,1
melanie,1
stanton,1
mosley,1
slides,1
ut,1
messeycat,1
hangingfrom,1
booboo,1
greenhough,1
repetative,1
sa,1
infant,1
chdren,1
3yo,1
dot,1
cymru,1
occasional,1
encourages,1
observational,1
relevant,1
happens,1
remaining,1
merrygoround,1
grocery,1
milk,1
develops,1
tedium,1
angry,1
explained,1
shopkeepers,1
reallife,1
tasks,1
overtly,1
ravensburger,1
jennifermwhit,1
secret,1
functionality,1
meredith,1
hinde,1
daubney,1
4yearold,1
styrofoam,1
moments,1
likewise,1
ancient,1
perished,1
propel,1
lengths,1
tantrum,1
gripes,1
aside,1
foss,1
informative,1
fired,1
guidance,1
understanding,1
engineering,1
science,1
indicated,1
tammy,1
kerry,1
furnass,1
cooke,1
problemshandy,1
everythinggreat,1
picturesbig,1
elaine,1
beet,1
spin,1
thwaites,1
turner,1
chainstory,1
cheapandcheerful,1
equipment,1
experiment,1
experimented,1
tells,1
fewest,1
mildly,1
penalties,1
dial,1
troubled,1
worthwhile,1
optimum,1
persons,1
phonetic,1
formalized,1
stretches,1
imaginations,1
fosters,1
competiveness,1
timerbuzzer,1
aaa,1
spentleft,1
150,1
mainly,1
arrow,1
trump,1
shuffling,1
dealt,1
agreed,1
remainder,1
chosen,1
activated,1
commence,1
sentence,1
fantasy,1
ghost,1
shouts,1
shout,1
losing,1
promotes,1
families,1
complicate,1
proceedings,1
dominate,1
bringing,1
literacy,1
mooch,1
equal,1
fogies,1
partly,1
criticising,1
imho,1
laughing,1
stockingfiller,1
rollins,1
modified,1
relates,1
reduced,1
tandem,1
franchise,1
fresh,1
kitty,1
renshaw,1
triv,1
plentiful,1
episode,1
challenging,1
niche,1
dents,1
fantatic,1
duvidl,1
costs,1
anyhow,1
lolly,1
bbt,1
mamatrox,1
bigbangfanfamily,1
cd,1
mcc,1
viewer,1
reckons,1
displeased,1
howlett,1
scares,1
bowley,1
persuading,1
pleasent,1
kawinski,1
silkonia,1
refresh,1
tired,1
recommeded,1
disimprovement,1
ralph,1
remained,1
accumulate,1
wedges,1
final,1
sooner,1
topup,1
tendency,1
accelerating,1
fasttrack,1
regrettably,1
manufacturers,1
dumbeddown,1
stoner,1
intelligence,1
cheeses,1
phrased,1
grammatically,1
manche,1
appeal,1
modifying,1
clues,1
moronic,1
hesitant,1
contemporary,1
swanky,1
increasing,1
sanctioning,1
humour,1
americans,1
worst,1
absolutey,1
severely,1
deduced,1
subject,1
devine,1
lok,1
tremendously,1
ranging,1
repeats,1
differently,1
distinguishable,1
hurst,1
tp,1
invented,1
canada,1
drag,1
ourselves,1
century,1
brandy,1
leoness2788,1
pocock,1
dominique,1
chiu,1
chain,1
tarnish,1
soap,1
understandably,1
billy,1
smashing,1
cable,1
pandora,1
braclet,1
bryan,1
gudmunsen,1
legit,1
suspected,1
evenly,1
jinny,1
screw,1
portion,1
necklace,1
crawford,1
constructed,1
isabel,1
amaro,1
barb,1
krystal,1
lookgreat,1
crafting,1
becoming,1
detached,1
johnston,1
invites,1
amandamoo,1
vanesa,1
waterhouse,1
bell,1
rozina,1
2x,1
ludo,1
selkpyromaniac,1
stiffen,1
carr,1
sabekul,1
snail,1
gillian,1
meena,1
americanised,1
slow,1
underwhelming,1
accompanying,1
linen,1
charges,1
suite,1
pf,1
qworkshop,1
linton,1
mandyk,1
pathfinder,1
harvpint,1
5x4,1
6x4,1
lockmaker,1
studio,1
se,1
z5600a,1
mk2,1
sandwich,1
shipped,1
spells,1
sinner,1
potionspotionspotionsgreat,1
fa,1
lawrence,1
faulkner,1
pad,1
todraw,1
reccommend,1
eyesight,1
silverlinings,1
generations,1
marglin,1
childhood,1
sp,1
geraldine,1
prescott,1
dispatch,1
lynn,1
snowy,1
deaf,1
partial,1
